"","Code_1","Code_2","Code_3","Code_4","Code_5","Code_6","Code_7","Code_8","Code_9","soc_id","categories"
"1",TRUE,FALSE,FALSE,FALSE,FALSE,FALSE,FALSE,FALSE,NA,"Aa1",1
"2",FALSE,TRUE,FALSE,FALSE,FALSE,FALSE,FALSE,FALSE,NA,"Aa2",1
"3",FALSE,FALSE,TRUE,FALSE,FALSE,FALSE,FALSE,FALSE,NA,"Aa3",1
"4",TRUE,FALSE,FALSE,FALSE,FALSE,FALSE,FALSE,FALSE,NA,"Aa4",1
"5",FALSE,TRUE,FALSE,FALSE,FALSE,FALSE,FALSE,FALSE,NA,"Aa5",1
"6",FALSE,FALSE,FALSE,TRUE,FALSE,FALSE,FALSE,FALSE,NA,"Aa6",1
"7",TRUE,FALSE,FALSE,FALSE,FALSE,FALSE,FALSE,FALSE,NA,"Aa7",1
"8",TRUE,FALSE,FALSE,FALSE,FALSE,FALSE,FALSE,FALSE,NA,"Aa8",1
"9",TRUE,FALSE,FALSE,FALSE,FALSE,FALSE,FALSE,FALSE,NA,"Aa9",1
"10",FALSE,FALSE,FALSE,FALSE,TRUE,FALSE,FALSE,FALSE,NA,"Ab1",1
"11",FALSE,FALSE,FALSE,TRUE,FALSE,FALSE,FALSE,FALSE,NA,"Ab10",1
"12",FALSE,FALSE,FALSE,TRUE,FALSE,FALSE,FALSE,FALSE,NA,"Ab11",1
"13",FALSE,FALSE,FALSE,TRUE,FALSE,FALSE,FALSE,FALSE,NA,"Ab12",1
"14",FALSE,FALSE,FALSE,TRUE,FALSE,FALSE,FALSE,FALSE,NA,"Ab13",1
"15",FALSE,FALSE,FALSE,TRUE,FALSE,FALSE,FALSE,FALSE,NA,"Ab14",1
"16",FALSE,FALSE,FALSE,TRUE,FALSE,FALSE,FALSE,FALSE,NA,"Ab15",1
"17",FALSE,FALSE,FALSE,TRUE,FALSE,FALSE,FALSE,FALSE,NA,"Ab16",1
"18",FALSE,FALSE,NA,NA,FALSE,FALSE,FALSE,FALSE,NA,"Ab17",NA
"19",FALSE,FALSE,FALSE,TRUE,FALSE,FALSE,FALSE,FALSE,NA,"Ab18",1
"20",FALSE,FALSE,FALSE,TRUE,FALSE,FALSE,FALSE,FALSE,NA,"Ab19",1
"21",FALSE,FALSE,FALSE,TRUE,FALSE,FALSE,FALSE,FALSE,NA,"Ab2",1
"22",FALSE,FALSE,NA,NA,FALSE,FALSE,FALSE,FALSE,NA,"Ab20",NA
"23",FALSE,FALSE,FALSE,TRUE,FALSE,FALSE,FALSE,FALSE,NA,"Ab21a",1
"24",FALSE,FALSE,NA,NA,FALSE,FALSE,FALSE,FALSE,NA,"Ab21b",NA
"25",FALSE,FALSE,NA,NA,FALSE,FALSE,FALSE,FALSE,NA,"Ab22",NA
"26",FALSE,FALSE,FALSE,TRUE,FALSE,FALSE,FALSE,FALSE,NA,"Ab3",1
"27",FALSE,FALSE,FALSE,TRUE,FALSE,FALSE,FALSE,FALSE,NA,"Ab4",1
"28",FALSE,FALSE,FALSE,TRUE,FALSE,FALSE,FALSE,FALSE,NA,"Ab5",1
"29",FALSE,FALSE,FALSE,TRUE,FALSE,FALSE,FALSE,FALSE,NA,"Ab6",1
"30",FALSE,FALSE,FALSE,TRUE,FALSE,FALSE,FALSE,FALSE,NA,"Ab7",1
"31",FALSE,FALSE,FALSE,TRUE,FALSE,FALSE,FALSE,FALSE,NA,"Ab8",1
"32",FALSE,FALSE,FALSE,TRUE,FALSE,FALSE,FALSE,FALSE,NA,"Ab9",1
"33",FALSE,FALSE,FALSE,TRUE,FALSE,FALSE,FALSE,FALSE,NA,"Ac1",1
"34",FALSE,FALSE,FALSE,TRUE,FALSE,FALSE,FALSE,FALSE,NA,"Ac10",1
"35",FALSE,FALSE,FALSE,TRUE,FALSE,FALSE,FALSE,FALSE,NA,"Ac11",1
"36",FALSE,FALSE,FALSE,TRUE,FALSE,FALSE,FALSE,FALSE,NA,"Ac12",1
"37",FALSE,FALSE,FALSE,TRUE,FALSE,FALSE,FALSE,FALSE,NA,"Ac13",1
"38",FALSE,FALSE,FALSE,TRUE,FALSE,FALSE,FALSE,FALSE,NA,"Ac14",1
"39",FALSE,FALSE,NA,NA,FALSE,FALSE,FALSE,FALSE,NA,"Ac15",NA
"40",FALSE,FALSE,FALSE,TRUE,FALSE,FALSE,FALSE,FALSE,NA,"Ac16",1
"41",FALSE,FALSE,FALSE,TRUE,FALSE,FALSE,FALSE,FALSE,NA,"Ac17",1
"42",FALSE,FALSE,FALSE,TRUE,FALSE,FALSE,FALSE,FALSE,NA,"Ac18",1
"43",FALSE,FALSE,FALSE,TRUE,FALSE,FALSE,FALSE,FALSE,NA,"Ac19",1
"44",FALSE,FALSE,FALSE,TRUE,FALSE,FALSE,FALSE,FALSE,NA,"Ac2",1
"45",FALSE,FALSE,FALSE,TRUE,FALSE,FALSE,FALSE,FALSE,NA,"Ac20",1
"46",FALSE,FALSE,FALSE,TRUE,FALSE,FALSE,FALSE,FALSE,NA,"Ac21",1
"47",FALSE,FALSE,FALSE,TRUE,FALSE,FALSE,FALSE,FALSE,NA,"Ac22",1
"48",FALSE,FALSE,FALSE,TRUE,FALSE,FALSE,FALSE,FALSE,NA,"Ac23",1
"49",FALSE,FALSE,FALSE,TRUE,FALSE,FALSE,FALSE,FALSE,NA,"Ac24",1
"50",FALSE,FALSE,FALSE,TRUE,FALSE,FALSE,FALSE,FALSE,NA,"Ac25",1
"51",FALSE,FALSE,FALSE,TRUE,FALSE,FALSE,FALSE,FALSE,NA,"Ac26",1
"52",FALSE,FALSE,FALSE,TRUE,FALSE,FALSE,FALSE,FALSE,NA,"Ac27",1
"53",FALSE,TRUE,FALSE,TRUE,FALSE,FALSE,FALSE,FALSE,NA,"Ac28",2
"54",FALSE,FALSE,NA,NA,FALSE,FALSE,FALSE,FALSE,NA,"Ac29",NA
"55",FALSE,FALSE,FALSE,TRUE,FALSE,FALSE,FALSE,FALSE,NA,"Ac3",1
"56",FALSE,FALSE,FALSE,TRUE,FALSE,FALSE,FALSE,FALSE,NA,"Ac30",1
"57",FALSE,FALSE,FALSE,TRUE,FALSE,FALSE,FALSE,FALSE,NA,"Ac31",1
"58",FALSE,FALSE,TRUE,FALSE,FALSE,FALSE,FALSE,FALSE,NA,"Ac32",1
"59",FALSE,FALSE,FALSE,TRUE,FALSE,FALSE,FALSE,FALSE,NA,"Ac33",1
"60",FALSE,FALSE,FALSE,TRUE,FALSE,FALSE,FALSE,FALSE,NA,"Ac34",1
"61",FALSE,FALSE,NA,NA,FALSE,NA,FALSE,FALSE,NA,"Ac35",NA
"62",FALSE,FALSE,FALSE,TRUE,FALSE,FALSE,FALSE,FALSE,NA,"Ac36",1
"63",FALSE,FALSE,FALSE,TRUE,FALSE,FALSE,FALSE,FALSE,NA,"Ac37",1
"64",FALSE,FALSE,FALSE,TRUE,FALSE,FALSE,FALSE,FALSE,NA,"Ac38",1
"65",FALSE,FALSE,NA,NA,FALSE,NA,FALSE,FALSE,NA,"Ac39",NA
"66",FALSE,FALSE,FALSE,TRUE,FALSE,FALSE,FALSE,FALSE,NA,"Ac4",1
"67",FALSE,FALSE,FALSE,TRUE,FALSE,FALSE,FALSE,FALSE,NA,"Ac40",1
"68",FALSE,FALSE,FALSE,TRUE,FALSE,FALSE,FALSE,FALSE,NA,"Ac41",1
"69",FALSE,FALSE,NA,NA,FALSE,FALSE,FALSE,FALSE,NA,"Ac42",NA
"70",FALSE,FALSE,FALSE,TRUE,FALSE,FALSE,FALSE,FALSE,NA,"Ac43",1
"71",FALSE,FALSE,TRUE,FALSE,FALSE,FALSE,FALSE,FALSE,NA,"Ac5",1
"72",FALSE,FALSE,FALSE,TRUE,FALSE,FALSE,FALSE,FALSE,NA,"Ac6",1
"73",FALSE,FALSE,TRUE,FALSE,FALSE,FALSE,FALSE,FALSE,NA,"Ac7",1
"74",FALSE,FALSE,FALSE,TRUE,FALSE,FALSE,FALSE,FALSE,NA,"Ac8",1
"75",FALSE,FALSE,FALSE,TRUE,FALSE,FALSE,FALSE,FALSE,NA,"Ac9",1
"76",FALSE,FALSE,FALSE,TRUE,FALSE,FALSE,FALSE,FALSE,NA,"Ad1",1
"77",FALSE,FALSE,FALSE,TRUE,FALSE,FALSE,FALSE,FALSE,NA,"Ad10",1
"78",FALSE,FALSE,FALSE,TRUE,FALSE,FALSE,FALSE,FALSE,NA,"Ad11",1
"79",FALSE,FALSE,FALSE,TRUE,FALSE,FALSE,FALSE,FALSE,NA,"Ad12",1
"80",FALSE,FALSE,FALSE,TRUE,FALSE,FALSE,FALSE,FALSE,NA,"Ad13",1
"81",FALSE,FALSE,FALSE,TRUE,FALSE,FALSE,FALSE,FALSE,NA,"Ad14",1
"82",FALSE,FALSE,FALSE,TRUE,FALSE,FALSE,FALSE,FALSE,NA,"Ad15",1
"83",FALSE,FALSE,FALSE,TRUE,FALSE,FALSE,FALSE,FALSE,NA,"Ad16",1
"84",FALSE,FALSE,FALSE,TRUE,FALSE,FALSE,FALSE,FALSE,NA,"Ad17",1
"85",FALSE,FALSE,FALSE,TRUE,FALSE,FALSE,FALSE,FALSE,NA,"Ad18",1
"86",FALSE,FALSE,FALSE,TRUE,FALSE,FALSE,FALSE,FALSE,NA,"Ad19",1
"87",FALSE,FALSE,FALSE,TRUE,FALSE,FALSE,FALSE,FALSE,NA,"Ad2",1
"88",FALSE,FALSE,FALSE,TRUE,FALSE,FALSE,FALSE,FALSE,NA,"Ad20",1
"89",FALSE,FALSE,FALSE,TRUE,FALSE,FALSE,FALSE,FALSE,NA,"Ad21",1
"90",FALSE,FALSE,FALSE,TRUE,FALSE,FALSE,FALSE,FALSE,NA,"Ad22",1
"91",FALSE,FALSE,FALSE,TRUE,FALSE,FALSE,FALSE,FALSE,NA,"Ad23",1
"92",FALSE,FALSE,FALSE,TRUE,FALSE,FALSE,FALSE,FALSE,NA,"Ad24",1
"93",FALSE,FALSE,FALSE,TRUE,FALSE,FALSE,FALSE,FALSE,NA,"Ad25",1
"94",FALSE,FALSE,FALSE,TRUE,FALSE,FALSE,FALSE,FALSE,NA,"Ad26",1
"95",FALSE,FALSE,FALSE,TRUE,FALSE,FALSE,FALSE,FALSE,NA,"Ad27",1
"96",FALSE,FALSE,FALSE,TRUE,FALSE,FALSE,FALSE,FALSE,NA,"Ad28",1
"97",FALSE,FALSE,FALSE,TRUE,FALSE,FALSE,FALSE,FALSE,NA,"Ad29",1
"98",FALSE,FALSE,FALSE,TRUE,FALSE,FALSE,FALSE,FALSE,NA,"Ad3",1
"99",FALSE,FALSE,FALSE,TRUE,FALSE,FALSE,FALSE,FALSE,NA,"Ad30",1
"100",FALSE,FALSE,NA,NA,FALSE,FALSE,FALSE,FALSE,NA,"Ad31",NA
"101",FALSE,FALSE,FALSE,TRUE,FALSE,FALSE,FALSE,FALSE,NA,"Ad32",1
"102",FALSE,FALSE,TRUE,FALSE,FALSE,FALSE,FALSE,FALSE,NA,"Ad33",1
"103",FALSE,FALSE,FALSE,TRUE,FALSE,FALSE,FALSE,FALSE,NA,"Ad34",1
"104",FALSE,FALSE,FALSE,TRUE,FALSE,FALSE,FALSE,FALSE,NA,"Ad35",1
"105",FALSE,FALSE,FALSE,TRUE,FALSE,FALSE,FALSE,FALSE,NA,"Ad36",1
"106",FALSE,FALSE,FALSE,TRUE,FALSE,FALSE,FALSE,FALSE,NA,"Ad37",1
"107",FALSE,FALSE,FALSE,TRUE,FALSE,FALSE,FALSE,FALSE,NA,"Ad38",1
"108",FALSE,FALSE,FALSE,TRUE,FALSE,FALSE,FALSE,FALSE,NA,"Ad39",1
"109",FALSE,FALSE,FALSE,TRUE,FALSE,FALSE,FALSE,FALSE,NA,"Ad4",1
"110",FALSE,FALSE,FALSE,TRUE,FALSE,FALSE,FALSE,FALSE,NA,"Ad40",1
"111",FALSE,FALSE,FALSE,TRUE,FALSE,FALSE,FALSE,FALSE,NA,"Ad41",1
"112",FALSE,FALSE,FALSE,TRUE,FALSE,FALSE,FALSE,FALSE,NA,"Ad42",1
"113",FALSE,FALSE,FALSE,TRUE,FALSE,FALSE,FALSE,FALSE,NA,"Ad43",1
"114",FALSE,FALSE,FALSE,TRUE,FALSE,FALSE,FALSE,FALSE,NA,"Ad44",1
"115",FALSE,FALSE,FALSE,TRUE,FALSE,FALSE,FALSE,FALSE,NA,"Ad45",1
"116",FALSE,FALSE,FALSE,TRUE,FALSE,FALSE,FALSE,FALSE,NA,"Ad46",1
"117",FALSE,FALSE,FALSE,TRUE,FALSE,FALSE,FALSE,FALSE,NA,"Ad47",1
"118",FALSE,FALSE,FALSE,TRUE,FALSE,FALSE,FALSE,FALSE,NA,"Ad48",1
"119",FALSE,FALSE,FALSE,TRUE,FALSE,FALSE,FALSE,FALSE,NA,"Ad49",1
"120",FALSE,FALSE,NA,NA,FALSE,FALSE,FALSE,FALSE,NA,"Ad5",NA
"121",FALSE,FALSE,FALSE,TRUE,FALSE,FALSE,FALSE,FALSE,NA,"Ad50",1
"122",FALSE,FALSE,FALSE,TRUE,FALSE,FALSE,FALSE,FALSE,NA,"Ad51",1
"123",FALSE,FALSE,FALSE,TRUE,FALSE,FALSE,FALSE,FALSE,NA,"Ad6",1
"124",FALSE,FALSE,FALSE,TRUE,FALSE,FALSE,FALSE,FALSE,NA,"Ad7",1
"125",FALSE,FALSE,FALSE,TRUE,FALSE,FALSE,FALSE,FALSE,NA,"Ad8",1
"126",FALSE,FALSE,FALSE,TRUE,FALSE,FALSE,FALSE,FALSE,NA,"Ad9",1
"127",FALSE,FALSE,FALSE,TRUE,FALSE,FALSE,FALSE,FALSE,NA,"Ae1",1
"128",FALSE,FALSE,FALSE,TRUE,FALSE,FALSE,FALSE,FALSE,NA,"Ae10",1
"129",FALSE,TRUE,FALSE,TRUE,FALSE,FALSE,FALSE,FALSE,NA,"Ae11",2
"130",FALSE,FALSE,FALSE,TRUE,FALSE,FALSE,FALSE,FALSE,NA,"Ae12",1
"131",FALSE,FALSE,NA,NA,FALSE,FALSE,FALSE,FALSE,NA,"Ae13",NA
"132",FALSE,FALSE,FALSE,TRUE,FALSE,FALSE,FALSE,FALSE,NA,"Ae14",1
"133",FALSE,FALSE,FALSE,TRUE,FALSE,FALSE,FALSE,FALSE,NA,"Ae15",1
"134",FALSE,FALSE,NA,NA,FALSE,FALSE,FALSE,FALSE,NA,"Ae16",NA
"135",FALSE,FALSE,FALSE,TRUE,FALSE,FALSE,FALSE,FALSE,NA,"Ae17",1
"136",FALSE,FALSE,FALSE,TRUE,FALSE,FALSE,FALSE,FALSE,NA,"Ae18",1
"137",FALSE,FALSE,NA,NA,FALSE,FALSE,FALSE,FALSE,NA,"Ae19",NA
"138",FALSE,FALSE,FALSE,TRUE,FALSE,FALSE,FALSE,FALSE,NA,"Ae2",1
"139",FALSE,FALSE,FALSE,TRUE,FALSE,FALSE,FALSE,FALSE,NA,"Ae20",1
"140",FALSE,FALSE,FALSE,TRUE,FALSE,FALSE,FALSE,FALSE,NA,"Ae21",1
"141",FALSE,FALSE,FALSE,TRUE,FALSE,FALSE,FALSE,FALSE,NA,"Ae22",1
"142",FALSE,FALSE,NA,NA,FALSE,FALSE,FALSE,FALSE,NA,"Ae23",NA
"143",FALSE,FALSE,NA,NA,FALSE,FALSE,FALSE,FALSE,NA,"Ae24",NA
"144",FALSE,FALSE,NA,NA,FALSE,FALSE,FALSE,FALSE,NA,"Ae25",NA
"145",FALSE,FALSE,FALSE,TRUE,FALSE,FALSE,FALSE,FALSE,NA,"Ae26",1
"146",FALSE,FALSE,FALSE,TRUE,FALSE,FALSE,FALSE,FALSE,NA,"Ae27",1
"147",FALSE,FALSE,FALSE,TRUE,FALSE,FALSE,FALSE,FALSE,NA,"Ae28",1
"148",FALSE,TRUE,FALSE,TRUE,FALSE,FALSE,FALSE,FALSE,NA,"Ae29",2
"149",FALSE,FALSE,FALSE,TRUE,FALSE,FALSE,FALSE,FALSE,NA,"Ae3",1
"150",FALSE,FALSE,FALSE,TRUE,FALSE,FALSE,FALSE,FALSE,NA,"Ae30",1
"151",FALSE,FALSE,TRUE,FALSE,FALSE,FALSE,FALSE,FALSE,NA,"Ae31",1
"152",FALSE,FALSE,FALSE,TRUE,FALSE,FALSE,FALSE,FALSE,NA,"Ae32",1
"153",FALSE,FALSE,FALSE,TRUE,FALSE,FALSE,FALSE,FALSE,NA,"Ae33",1
"154",FALSE,FALSE,FALSE,TRUE,FALSE,FALSE,FALSE,FALSE,NA,"Ae34",1
"155",FALSE,FALSE,FALSE,TRUE,FALSE,FALSE,FALSE,FALSE,NA,"Ae35",1
"156",FALSE,FALSE,TRUE,FALSE,FALSE,FALSE,FALSE,FALSE,NA,"Ae36",1
"157",FALSE,FALSE,NA,NA,FALSE,FALSE,FALSE,FALSE,NA,"Ae37",NA
"158",FALSE,FALSE,TRUE,FALSE,FALSE,FALSE,FALSE,FALSE,NA,"Ae38",1
"159",FALSE,FALSE,TRUE,FALSE,FALSE,FALSE,FALSE,FALSE,NA,"Ae39",1
"160",FALSE,FALSE,FALSE,TRUE,FALSE,FALSE,FALSE,FALSE,NA,"Ae4",1
"161",FALSE,FALSE,FALSE,TRUE,FALSE,FALSE,FALSE,FALSE,NA,"Ae40",1
"162",FALSE,FALSE,FALSE,TRUE,FALSE,FALSE,FALSE,FALSE,NA,"Ae41",1
"163",FALSE,FALSE,FALSE,TRUE,FALSE,FALSE,FALSE,FALSE,NA,"Ae42",1
"164",FALSE,FALSE,FALSE,TRUE,FALSE,FALSE,FALSE,FALSE,NA,"Ae43",1
"165",FALSE,FALSE,FALSE,TRUE,FALSE,FALSE,FALSE,FALSE,NA,"Ae44",1
"166",FALSE,FALSE,FALSE,TRUE,FALSE,FALSE,FALSE,FALSE,NA,"Ae45",1
"167",FALSE,FALSE,TRUE,FALSE,FALSE,FALSE,FALSE,FALSE,NA,"Ae46",1
"168",FALSE,FALSE,FALSE,TRUE,FALSE,FALSE,FALSE,FALSE,NA,"Ae47",1
"169",FALSE,FALSE,FALSE,TRUE,FALSE,FALSE,FALSE,FALSE,NA,"Ae48",1
"170",FALSE,FALSE,NA,NA,FALSE,FALSE,FALSE,FALSE,NA,"Ae49",NA
"171",FALSE,FALSE,TRUE,FALSE,FALSE,FALSE,FALSE,FALSE,NA,"Ae5",1
"172",FALSE,FALSE,FALSE,TRUE,FALSE,FALSE,FALSE,FALSE,NA,"Ae50",1
"173",FALSE,FALSE,FALSE,TRUE,FALSE,FALSE,FALSE,FALSE,NA,"Ae51",1
"174",FALSE,FALSE,NA,NA,FALSE,FALSE,FALSE,FALSE,NA,"Ae52",NA
"175",FALSE,FALSE,NA,NA,FALSE,FALSE,FALSE,FALSE,NA,"Ae53",NA
"176",FALSE,FALSE,NA,NA,FALSE,FALSE,FALSE,FALSE,NA,"Ae54",NA
"177",FALSE,FALSE,FALSE,TRUE,FALSE,FALSE,FALSE,FALSE,NA,"Ae55",1
"178",FALSE,FALSE,FALSE,TRUE,FALSE,FALSE,FALSE,FALSE,NA,"Ae56",1
"179",FALSE,FALSE,FALSE,TRUE,FALSE,FALSE,FALSE,FALSE,NA,"Ae57",1
"180",FALSE,FALSE,FALSE,TRUE,FALSE,FALSE,FALSE,FALSE,NA,"Ae58",1
"181",FALSE,FALSE,NA,NA,FALSE,FALSE,FALSE,FALSE,NA,"Ae59",NA
"182",FALSE,FALSE,FALSE,TRUE,FALSE,FALSE,FALSE,FALSE,NA,"Ae6",1
"183",FALSE,FALSE,FALSE,TRUE,FALSE,FALSE,FALSE,FALSE,NA,"Ae7",1
"184",FALSE,FALSE,FALSE,TRUE,FALSE,FALSE,FALSE,FALSE,NA,"Ae8",1
"185",FALSE,FALSE,FALSE,TRUE,FALSE,FALSE,FALSE,FALSE,NA,"Ae9",1
"186",FALSE,FALSE,FALSE,TRUE,FALSE,FALSE,FALSE,FALSE,NA,"Af1",1
"187",FALSE,FALSE,FALSE,TRUE,FALSE,FALSE,FALSE,FALSE,NA,"Af10",1
"188",FALSE,FALSE,FALSE,TRUE,FALSE,FALSE,FALSE,FALSE,NA,"Af11",1
"189",FALSE,FALSE,FALSE,TRUE,FALSE,FALSE,FALSE,FALSE,NA,"Af12",1
"190",FALSE,FALSE,FALSE,TRUE,FALSE,FALSE,FALSE,FALSE,NA,"Af13",1
"191",FALSE,FALSE,FALSE,TRUE,FALSE,FALSE,FALSE,FALSE,NA,"Af14",1
"192",FALSE,FALSE,FALSE,TRUE,FALSE,FALSE,FALSE,FALSE,NA,"Af15",1
"193",FALSE,FALSE,FALSE,TRUE,FALSE,FALSE,FALSE,FALSE,NA,"Af16",1
"194",FALSE,FALSE,FALSE,TRUE,FALSE,FALSE,FALSE,FALSE,NA,"Af17",1
"195",FALSE,FALSE,FALSE,TRUE,FALSE,FALSE,FALSE,FALSE,NA,"Af18",1
"196",FALSE,FALSE,FALSE,TRUE,FALSE,FALSE,FALSE,FALSE,NA,"Af19",1
"197",FALSE,FALSE,FALSE,TRUE,FALSE,FALSE,FALSE,FALSE,NA,"Af2",1
"198",FALSE,FALSE,FALSE,TRUE,FALSE,FALSE,FALSE,FALSE,NA,"Af20",1
"199",FALSE,FALSE,FALSE,TRUE,FALSE,FALSE,FALSE,FALSE,NA,"Af21",1
"200",FALSE,TRUE,FALSE,TRUE,FALSE,FALSE,FALSE,FALSE,NA,"Af22",2
"201",FALSE,FALSE,FALSE,TRUE,FALSE,FALSE,FALSE,FALSE,NA,"Af23",1
"202",FALSE,FALSE,FALSE,TRUE,FALSE,FALSE,FALSE,FALSE,NA,"Af24",1
"203",FALSE,FALSE,FALSE,TRUE,FALSE,FALSE,FALSE,FALSE,NA,"Af25",1
"204",FALSE,FALSE,FALSE,TRUE,FALSE,FALSE,FALSE,FALSE,NA,"Af26",1
"205",FALSE,FALSE,FALSE,TRUE,FALSE,FALSE,FALSE,FALSE,NA,"Af27",1
"206",FALSE,FALSE,FALSE,TRUE,FALSE,FALSE,FALSE,FALSE,NA,"Af28",1
"207",FALSE,FALSE,FALSE,TRUE,FALSE,FALSE,FALSE,FALSE,NA,"Af29",1
"208",FALSE,FALSE,FALSE,TRUE,FALSE,FALSE,FALSE,FALSE,NA,"Af3",1
"209",FALSE,FALSE,FALSE,TRUE,FALSE,FALSE,FALSE,FALSE,NA,"Af30",1
"210",FALSE,FALSE,NA,NA,FALSE,FALSE,FALSE,FALSE,NA,"Af31",NA
"211",FALSE,FALSE,FALSE,TRUE,FALSE,FALSE,FALSE,FALSE,NA,"Af32",1
"212",FALSE,FALSE,FALSE,TRUE,FALSE,FALSE,FALSE,FALSE,NA,"Af33",1
"213",FALSE,FALSE,FALSE,TRUE,FALSE,FALSE,FALSE,FALSE,NA,"Af34",1
"214",FALSE,FALSE,FALSE,TRUE,FALSE,FALSE,FALSE,FALSE,NA,"Af35",1
"215",FALSE,FALSE,FALSE,TRUE,FALSE,FALSE,FALSE,FALSE,NA,"Af36",1
"216",FALSE,FALSE,FALSE,TRUE,FALSE,FALSE,FALSE,FALSE,NA,"Af37",1
"217",FALSE,FALSE,FALSE,TRUE,FALSE,FALSE,FALSE,FALSE,NA,"Af38",1
"218",FALSE,FALSE,FALSE,TRUE,FALSE,FALSE,FALSE,FALSE,NA,"Af39",1
"219",FALSE,FALSE,FALSE,TRUE,FALSE,FALSE,FALSE,FALSE,NA,"Af4",1
"220",FALSE,FALSE,FALSE,TRUE,FALSE,FALSE,FALSE,FALSE,NA,"Af40",1
"221",FALSE,FALSE,FALSE,TRUE,FALSE,FALSE,FALSE,FALSE,NA,"Af41",1
"222",FALSE,FALSE,FALSE,TRUE,FALSE,FALSE,FALSE,FALSE,NA,"Af42",1
"223",FALSE,FALSE,FALSE,TRUE,FALSE,FALSE,FALSE,FALSE,NA,"Af43",1
"224",FALSE,TRUE,FALSE,NA,FALSE,NA,FALSE,FALSE,NA,"Af44",NA
"225",FALSE,FALSE,FALSE,TRUE,FALSE,FALSE,FALSE,FALSE,NA,"Af45",1
"226",FALSE,FALSE,FALSE,TRUE,FALSE,FALSE,FALSE,FALSE,NA,"Af46",1
"227",FALSE,FALSE,FALSE,TRUE,FALSE,FALSE,FALSE,FALSE,NA,"Af47",1
"228",FALSE,FALSE,FALSE,TRUE,FALSE,FALSE,FALSE,FALSE,NA,"Af48",1
"229",FALSE,FALSE,FALSE,TRUE,FALSE,FALSE,FALSE,FALSE,NA,"Af49",1
"230",FALSE,FALSE,FALSE,TRUE,FALSE,FALSE,FALSE,FALSE,NA,"Af5",1
"231",FALSE,FALSE,FALSE,TRUE,FALSE,FALSE,FALSE,FALSE,NA,"Af50",1
"232",FALSE,FALSE,FALSE,TRUE,FALSE,FALSE,FALSE,FALSE,NA,"Af51",1
"233",FALSE,FALSE,FALSE,TRUE,FALSE,FALSE,FALSE,FALSE,NA,"Af52",1
"234",FALSE,FALSE,FALSE,TRUE,FALSE,FALSE,FALSE,FALSE,NA,"Af53",1
"235",FALSE,FALSE,FALSE,TRUE,FALSE,FALSE,FALSE,FALSE,NA,"Af54",1
"236",FALSE,FALSE,FALSE,TRUE,FALSE,FALSE,FALSE,FALSE,NA,"Af55",1
"237",FALSE,FALSE,FALSE,TRUE,FALSE,FALSE,FALSE,FALSE,NA,"Af56",1
"238",FALSE,FALSE,FALSE,TRUE,FALSE,FALSE,FALSE,FALSE,NA,"Af57",1
"239",FALSE,FALSE,FALSE,TRUE,FALSE,FALSE,FALSE,FALSE,NA,"Af58",1
"240",FALSE,FALSE,FALSE,TRUE,FALSE,FALSE,FALSE,FALSE,NA,"Af6",1
"241",FALSE,FALSE,FALSE,TRUE,FALSE,FALSE,FALSE,FALSE,NA,"Af7",1
"242",FALSE,FALSE,FALSE,TRUE,FALSE,FALSE,FALSE,FALSE,NA,"Af8",1
"243",FALSE,FALSE,FALSE,TRUE,FALSE,FALSE,FALSE,FALSE,NA,"Af9",1
"244",FALSE,FALSE,FALSE,TRUE,FALSE,FALSE,FALSE,FALSE,NA,"Ag1",1
"245",FALSE,FALSE,FALSE,TRUE,FALSE,FALSE,FALSE,FALSE,NA,"Ag10",1
"246",FALSE,FALSE,FALSE,TRUE,FALSE,FALSE,FALSE,FALSE,NA,"Ag11",1
"247",FALSE,FALSE,FALSE,TRUE,FALSE,FALSE,FALSE,FALSE,NA,"Ag12",1
"248",FALSE,FALSE,FALSE,TRUE,FALSE,FALSE,FALSE,FALSE,NA,"Ag13",1
"249",FALSE,FALSE,FALSE,TRUE,FALSE,FALSE,FALSE,FALSE,NA,"Ag14",1
"250",FALSE,FALSE,FALSE,TRUE,FALSE,FALSE,FALSE,FALSE,NA,"Ag15",1
"251",FALSE,FALSE,FALSE,TRUE,FALSE,FALSE,FALSE,FALSE,NA,"Ag16",1
"252",FALSE,FALSE,FALSE,TRUE,FALSE,FALSE,FALSE,FALSE,NA,"Ag17",1
"253",FALSE,FALSE,FALSE,TRUE,FALSE,FALSE,FALSE,FALSE,NA,"Ag18",1
"254",FALSE,FALSE,FALSE,TRUE,FALSE,FALSE,FALSE,FALSE,NA,"Ag19",1
"255",FALSE,FALSE,FALSE,TRUE,FALSE,FALSE,FALSE,FALSE,NA,"Ag2",1
"256",FALSE,FALSE,FALSE,TRUE,FALSE,FALSE,FALSE,FALSE,NA,"Ag20",1
"257",FALSE,FALSE,FALSE,TRUE,FALSE,FALSE,FALSE,FALSE,NA,"Ag21",1
"258",FALSE,FALSE,FALSE,TRUE,FALSE,FALSE,FALSE,FALSE,NA,"Ag22",1
"259",FALSE,FALSE,FALSE,TRUE,FALSE,FALSE,FALSE,FALSE,NA,"Ag23",1
"260",FALSE,FALSE,FALSE,TRUE,FALSE,FALSE,FALSE,FALSE,NA,"Ag24",1
"261",FALSE,FALSE,FALSE,TRUE,FALSE,FALSE,FALSE,FALSE,NA,"Ag25",1
"262",FALSE,FALSE,FALSE,TRUE,FALSE,FALSE,FALSE,FALSE,NA,"Ag26",1
"263",FALSE,FALSE,FALSE,TRUE,FALSE,FALSE,FALSE,FALSE,NA,"Ag27",1
"264",FALSE,FALSE,FALSE,TRUE,FALSE,FALSE,FALSE,FALSE,NA,"Ag28",1
"265",FALSE,FALSE,FALSE,TRUE,FALSE,FALSE,FALSE,FALSE,NA,"Ag29",1
"266",FALSE,FALSE,FALSE,TRUE,FALSE,FALSE,FALSE,FALSE,NA,"Ag3",1
"267",FALSE,FALSE,FALSE,TRUE,FALSE,FALSE,FALSE,FALSE,NA,"Ag30",1
"268",FALSE,FALSE,FALSE,TRUE,FALSE,FALSE,FALSE,FALSE,NA,"Ag31",1
"269",FALSE,FALSE,FALSE,TRUE,FALSE,FALSE,FALSE,FALSE,NA,"Ag32",1
"270",FALSE,FALSE,FALSE,TRUE,FALSE,FALSE,FALSE,FALSE,NA,"Ag33",1
"271",FALSE,FALSE,FALSE,TRUE,FALSE,FALSE,FALSE,FALSE,NA,"Ag34",1
"272",FALSE,FALSE,FALSE,TRUE,FALSE,FALSE,FALSE,FALSE,NA,"Ag35",1
"273",FALSE,FALSE,FALSE,TRUE,FALSE,FALSE,FALSE,FALSE,NA,"Ag36",1
"274",FALSE,FALSE,FALSE,TRUE,FALSE,FALSE,FALSE,FALSE,NA,"Ag37",1
"275",FALSE,FALSE,FALSE,TRUE,FALSE,FALSE,FALSE,FALSE,NA,"Ag38",1
"276",FALSE,FALSE,FALSE,TRUE,FALSE,FALSE,FALSE,FALSE,NA,"Ag39",1
"277",FALSE,FALSE,FALSE,TRUE,FALSE,FALSE,FALSE,FALSE,NA,"Ag4",1
"278",FALSE,FALSE,FALSE,TRUE,FALSE,FALSE,FALSE,FALSE,NA,"Ag40",1
"279",FALSE,FALSE,FALSE,TRUE,FALSE,FALSE,FALSE,FALSE,NA,"Ag41",1
"280",FALSE,FALSE,FALSE,TRUE,FALSE,FALSE,FALSE,FALSE,NA,"Ag42",1
"281",FALSE,FALSE,FALSE,TRUE,FALSE,FALSE,FALSE,FALSE,NA,"Ag43",1
"282",FALSE,FALSE,FALSE,TRUE,FALSE,FALSE,FALSE,FALSE,NA,"Ag44",1
"283",FALSE,FALSE,FALSE,TRUE,FALSE,FALSE,FALSE,FALSE,NA,"Ag45",1
"284",FALSE,FALSE,FALSE,TRUE,FALSE,FALSE,FALSE,FALSE,NA,"Ag46",1
"285",FALSE,FALSE,FALSE,TRUE,FALSE,FALSE,FALSE,FALSE,NA,"Ag47",1
"286",FALSE,FALSE,FALSE,TRUE,FALSE,FALSE,FALSE,FALSE,NA,"Ag48",1
"287",FALSE,FALSE,FALSE,TRUE,FALSE,FALSE,FALSE,FALSE,NA,"Ag49",1
"288",FALSE,FALSE,FALSE,TRUE,FALSE,FALSE,FALSE,FALSE,NA,"Ag5",1
"289",FALSE,FALSE,FALSE,TRUE,FALSE,FALSE,FALSE,FALSE,NA,"Ag50",1
"290",FALSE,FALSE,FALSE,TRUE,FALSE,FALSE,FALSE,FALSE,NA,"Ag51",1
"291",FALSE,FALSE,FALSE,TRUE,FALSE,FALSE,FALSE,FALSE,NA,"Ag52",1
"292",FALSE,FALSE,FALSE,TRUE,FALSE,FALSE,FALSE,FALSE,NA,"Ag53",1
"293",FALSE,FALSE,FALSE,TRUE,FALSE,FALSE,FALSE,FALSE,NA,"Ag54",1
"294",FALSE,FALSE,FALSE,TRUE,FALSE,FALSE,FALSE,FALSE,NA,"Ag6",1
"295",FALSE,TRUE,FALSE,FALSE,FALSE,FALSE,FALSE,FALSE,NA,"Ag7",1
"296",FALSE,FALSE,FALSE,TRUE,FALSE,FALSE,FALSE,FALSE,NA,"Ag8",1
"297",FALSE,FALSE,FALSE,TRUE,FALSE,FALSE,FALSE,FALSE,NA,"Ag9",1
"298",FALSE,FALSE,FALSE,TRUE,FALSE,FALSE,FALSE,FALSE,NA,"Ah1",1
"299",FALSE,FALSE,FALSE,TRUE,FALSE,FALSE,FALSE,FALSE,NA,"Ah10",1
"300",FALSE,FALSE,FALSE,TRUE,FALSE,FALSE,FALSE,FALSE,NA,"Ah11",1
"301",FALSE,FALSE,FALSE,TRUE,FALSE,FALSE,FALSE,FALSE,NA,"Ah12",1
"302",FALSE,FALSE,FALSE,TRUE,FALSE,FALSE,FALSE,FALSE,NA,"Ah13",1
"303",FALSE,FALSE,FALSE,TRUE,FALSE,FALSE,FALSE,FALSE,NA,"Ah14",1
"304",FALSE,FALSE,FALSE,TRUE,FALSE,FALSE,FALSE,FALSE,NA,"Ah15",1
"305",FALSE,FALSE,FALSE,TRUE,FALSE,FALSE,FALSE,FALSE,NA,"Ah16",1
"306",FALSE,FALSE,FALSE,TRUE,FALSE,FALSE,FALSE,FALSE,NA,"Ah17",1
"307",FALSE,FALSE,FALSE,TRUE,FALSE,FALSE,FALSE,FALSE,NA,"Ah18",1
"308",FALSE,FALSE,FALSE,TRUE,FALSE,FALSE,FALSE,FALSE,NA,"Ah19",1
"309",FALSE,FALSE,FALSE,TRUE,FALSE,FALSE,FALSE,FALSE,NA,"Ah2",1
"310",FALSE,FALSE,FALSE,TRUE,FALSE,FALSE,FALSE,FALSE,NA,"Ah20",1
"311",FALSE,FALSE,NA,NA,FALSE,FALSE,FALSE,FALSE,NA,"Ah21",NA
"312",FALSE,FALSE,NA,NA,FALSE,FALSE,FALSE,FALSE,NA,"Ah22",NA
"313",FALSE,FALSE,NA,NA,FALSE,FALSE,FALSE,FALSE,NA,"Ah23",NA
"314",FALSE,FALSE,NA,NA,FALSE,FALSE,FALSE,FALSE,NA,"Ah24",NA
"315",FALSE,FALSE,FALSE,TRUE,FALSE,FALSE,FALSE,FALSE,NA,"Ah25",1
"316",FALSE,FALSE,FALSE,TRUE,FALSE,FALSE,FALSE,FALSE,NA,"Ah26",1
"317",FALSE,FALSE,FALSE,TRUE,FALSE,FALSE,FALSE,FALSE,NA,"Ah27",1
"318",FALSE,FALSE,FALSE,TRUE,FALSE,FALSE,FALSE,FALSE,NA,"Ah28",1
"319",FALSE,FALSE,FALSE,TRUE,FALSE,FALSE,FALSE,FALSE,NA,"Ah29",1
"320",FALSE,FALSE,FALSE,TRUE,FALSE,FALSE,FALSE,FALSE,NA,"Ah3",1
"321",FALSE,FALSE,FALSE,TRUE,FALSE,FALSE,FALSE,FALSE,NA,"Ah30",1
"322",FALSE,FALSE,FALSE,TRUE,FALSE,FALSE,FALSE,FALSE,NA,"Ah31",1
"323",FALSE,FALSE,FALSE,TRUE,FALSE,FALSE,FALSE,FALSE,NA,"Ah32",1
"324",FALSE,FALSE,FALSE,TRUE,FALSE,FALSE,FALSE,FALSE,NA,"Ah33",1
"325",FALSE,FALSE,FALSE,TRUE,FALSE,FALSE,FALSE,FALSE,NA,"Ah34",1
"326",FALSE,FALSE,FALSE,TRUE,FALSE,FALSE,FALSE,FALSE,NA,"Ah35",1
"327",FALSE,FALSE,FALSE,TRUE,FALSE,FALSE,FALSE,FALSE,NA,"Ah36",1
"328",FALSE,FALSE,FALSE,TRUE,FALSE,FALSE,FALSE,FALSE,NA,"Ah37",1
"329",FALSE,FALSE,FALSE,TRUE,FALSE,FALSE,FALSE,FALSE,NA,"Ah38",1
"330",FALSE,FALSE,FALSE,TRUE,FALSE,FALSE,FALSE,FALSE,NA,"Ah39",1
"331",FALSE,FALSE,FALSE,TRUE,FALSE,FALSE,FALSE,FALSE,NA,"Ah4",1
"332",FALSE,FALSE,FALSE,TRUE,FALSE,FALSE,FALSE,FALSE,NA,"Ah5",1
"333",FALSE,FALSE,FALSE,TRUE,FALSE,FALSE,FALSE,FALSE,NA,"Ah6",1
"334",FALSE,FALSE,FALSE,TRUE,FALSE,FALSE,FALSE,FALSE,NA,"Ah7",1
"335",FALSE,FALSE,FALSE,TRUE,FALSE,FALSE,FALSE,FALSE,NA,"Ah8",1
"336",FALSE,FALSE,FALSE,TRUE,FALSE,FALSE,FALSE,FALSE,NA,"Ah9",1
"337",FALSE,FALSE,FALSE,TRUE,FALSE,FALSE,FALSE,FALSE,NA,"Ai1",1
"338",FALSE,FALSE,FALSE,TRUE,FALSE,FALSE,FALSE,FALSE,NA,"Ai10",1
"339",FALSE,FALSE,FALSE,TRUE,FALSE,FALSE,FALSE,FALSE,NA,"Ai11",1
"340",FALSE,FALSE,FALSE,TRUE,FALSE,FALSE,FALSE,FALSE,NA,"Ai12",1
"341",FALSE,FALSE,FALSE,TRUE,FALSE,FALSE,FALSE,FALSE,NA,"Ai13",1
"342",FALSE,FALSE,FALSE,TRUE,FALSE,FALSE,FALSE,FALSE,NA,"Ai14",1
"343",FALSE,FALSE,FALSE,TRUE,FALSE,FALSE,FALSE,FALSE,NA,"Ai15",1
"344",FALSE,FALSE,FALSE,TRUE,FALSE,FALSE,FALSE,FALSE,NA,"Ai16",1
"345",FALSE,FALSE,FALSE,TRUE,FALSE,FALSE,FALSE,FALSE,NA,"Ai17",1
"346",FALSE,FALSE,FALSE,TRUE,FALSE,FALSE,FALSE,FALSE,NA,"Ai18",1
"347",FALSE,FALSE,FALSE,TRUE,FALSE,FALSE,FALSE,FALSE,NA,"Ai19",1
"348",FALSE,FALSE,NA,NA,FALSE,FALSE,FALSE,FALSE,NA,"Ai2",NA
"349",FALSE,FALSE,FALSE,TRUE,FALSE,FALSE,FALSE,FALSE,NA,"Ai20",1
"350",FALSE,FALSE,FALSE,TRUE,FALSE,FALSE,FALSE,FALSE,NA,"Ai21",1
"351",FALSE,FALSE,FALSE,TRUE,FALSE,FALSE,FALSE,FALSE,NA,"Ai22",1
"352",FALSE,FALSE,FALSE,TRUE,FALSE,FALSE,FALSE,FALSE,NA,"Ai23",1
"353",FALSE,FALSE,FALSE,TRUE,FALSE,FALSE,FALSE,FALSE,NA,"Ai24",1
"354",FALSE,FALSE,FALSE,TRUE,FALSE,FALSE,FALSE,FALSE,NA,"Ai25",1
"355",FALSE,FALSE,FALSE,TRUE,FALSE,FALSE,FALSE,FALSE,NA,"Ai26",1
"356",FALSE,FALSE,FALSE,TRUE,FALSE,FALSE,FALSE,FALSE,NA,"Ai27",1
"357",FALSE,FALSE,FALSE,TRUE,FALSE,FALSE,FALSE,FALSE,NA,"Ai28",1
"358",FALSE,FALSE,FALSE,TRUE,FALSE,FALSE,FALSE,FALSE,NA,"Ai29",1
"359",FALSE,FALSE,TRUE,FALSE,FALSE,FALSE,FALSE,FALSE,NA,"Ai3",1
"360",FALSE,FALSE,FALSE,TRUE,FALSE,FALSE,FALSE,FALSE,NA,"Ai30",1
"361",FALSE,FALSE,FALSE,TRUE,FALSE,FALSE,FALSE,FALSE,NA,"Ai31",1
"362",FALSE,FALSE,FALSE,TRUE,FALSE,FALSE,FALSE,FALSE,NA,"Ai32",1
"363",FALSE,FALSE,FALSE,TRUE,FALSE,FALSE,FALSE,FALSE,NA,"Ai33",1
"364",FALSE,FALSE,FALSE,TRUE,FALSE,FALSE,FALSE,FALSE,NA,"Ai34",1
"365",FALSE,FALSE,FALSE,TRUE,FALSE,FALSE,FALSE,FALSE,NA,"Ai35",1
"366",FALSE,FALSE,FALSE,TRUE,FALSE,FALSE,FALSE,FALSE,NA,"Ai36",1
"367",FALSE,FALSE,FALSE,TRUE,FALSE,FALSE,FALSE,FALSE,NA,"Ai37",1
"368",FALSE,FALSE,FALSE,TRUE,FALSE,FALSE,FALSE,FALSE,NA,"Ai38",1
"369",FALSE,FALSE,FALSE,TRUE,FALSE,FALSE,FALSE,FALSE,NA,"Ai39",1
"370",FALSE,FALSE,FALSE,TRUE,FALSE,FALSE,FALSE,FALSE,NA,"Ai4",1
"371",FALSE,FALSE,FALSE,TRUE,FALSE,FALSE,FALSE,FALSE,NA,"Ai40",1
"372",FALSE,FALSE,FALSE,TRUE,FALSE,FALSE,FALSE,FALSE,NA,"Ai41",1
"373",FALSE,FALSE,FALSE,TRUE,FALSE,FALSE,FALSE,FALSE,NA,"Ai42",1
"374",FALSE,FALSE,FALSE,TRUE,FALSE,FALSE,FALSE,FALSE,NA,"Ai43",1
"375",FALSE,FALSE,FALSE,TRUE,FALSE,FALSE,FALSE,FALSE,NA,"Ai44",1
"376",FALSE,FALSE,FALSE,TRUE,FALSE,FALSE,FALSE,FALSE,NA,"Ai45",1
"377",FALSE,FALSE,FALSE,TRUE,FALSE,FALSE,FALSE,FALSE,NA,"Ai46",1
"378",FALSE,FALSE,FALSE,TRUE,FALSE,FALSE,FALSE,FALSE,NA,"Ai47",1
"379",FALSE,FALSE,FALSE,TRUE,FALSE,FALSE,FALSE,FALSE,NA,"Ai5",1
"380",FALSE,FALSE,FALSE,TRUE,FALSE,FALSE,FALSE,FALSE,NA,"Ai6",1
"381",FALSE,FALSE,FALSE,TRUE,FALSE,FALSE,FALSE,FALSE,NA,"Ai7",1
"382",FALSE,FALSE,FALSE,TRUE,FALSE,FALSE,FALSE,FALSE,NA,"Ai8",1
"383",FALSE,FALSE,FALSE,TRUE,FALSE,FALSE,FALSE,FALSE,NA,"Ai9",1
"384",FALSE,FALSE,FALSE,TRUE,FALSE,FALSE,FALSE,FALSE,NA,"Aj1",1
"385",FALSE,FALSE,FALSE,TRUE,FALSE,FALSE,FALSE,FALSE,NA,"Aj10",1
"386",FALSE,FALSE,FALSE,TRUE,FALSE,FALSE,FALSE,FALSE,NA,"Aj11",1
"387",FALSE,FALSE,FALSE,TRUE,FALSE,FALSE,FALSE,FALSE,NA,"Aj12",1
"388",FALSE,FALSE,FALSE,TRUE,FALSE,FALSE,FALSE,FALSE,NA,"Aj13",1
"389",FALSE,FALSE,FALSE,TRUE,FALSE,FALSE,FALSE,FALSE,NA,"Aj14",1
"390",FALSE,FALSE,FALSE,TRUE,FALSE,FALSE,FALSE,FALSE,NA,"Aj15",1
"391",FALSE,FALSE,FALSE,TRUE,FALSE,FALSE,FALSE,FALSE,NA,"Aj16",1
"392",FALSE,FALSE,FALSE,TRUE,FALSE,FALSE,FALSE,FALSE,NA,"Aj17",1
"393",FALSE,FALSE,FALSE,TRUE,FALSE,FALSE,FALSE,FALSE,NA,"Aj18",1
"394",FALSE,FALSE,FALSE,TRUE,FALSE,FALSE,FALSE,FALSE,NA,"Aj19",1
"395",FALSE,FALSE,FALSE,FALSE,TRUE,FALSE,FALSE,FALSE,NA,"Aj2",1
"396",FALSE,FALSE,FALSE,TRUE,FALSE,FALSE,FALSE,FALSE,NA,"Aj20",1
"397",FALSE,FALSE,FALSE,TRUE,FALSE,FALSE,FALSE,FALSE,NA,"Aj21",1
"398",FALSE,FALSE,FALSE,TRUE,FALSE,FALSE,FALSE,FALSE,NA,"Aj22",1
"399",FALSE,FALSE,FALSE,TRUE,FALSE,FALSE,FALSE,FALSE,NA,"Aj23",1
"400",FALSE,FALSE,FALSE,TRUE,FALSE,FALSE,FALSE,FALSE,NA,"Aj24",1
"401",FALSE,FALSE,FALSE,TRUE,FALSE,FALSE,FALSE,FALSE,NA,"Aj25",1
"402",FALSE,FALSE,FALSE,TRUE,FALSE,FALSE,FALSE,FALSE,NA,"Aj26",1
"403",FALSE,FALSE,FALSE,TRUE,FALSE,FALSE,FALSE,FALSE,NA,"Aj27",1
"404",FALSE,FALSE,FALSE,TRUE,TRUE,FALSE,FALSE,FALSE,NA,"Aj28",2
"405",FALSE,FALSE,FALSE,FALSE,TRUE,FALSE,FALSE,FALSE,NA,"Aj29",1
"406",FALSE,FALSE,FALSE,TRUE,FALSE,FALSE,FALSE,FALSE,NA,"Aj3",1
"407",FALSE,FALSE,NA,NA,FALSE,FALSE,FALSE,FALSE,NA,"Aj30",NA
"408",FALSE,FALSE,NA,NA,FALSE,FALSE,FALSE,FALSE,NA,"Aj31",NA
"409",FALSE,FALSE,FALSE,TRUE,FALSE,FALSE,FALSE,FALSE,NA,"Aj4",1
"410",FALSE,FALSE,FALSE,TRUE,FALSE,FALSE,FALSE,FALSE,NA,"Aj5",1
"411",FALSE,FALSE,FALSE,TRUE,FALSE,FALSE,FALSE,FALSE,NA,"Aj6",1
"412",FALSE,FALSE,FALSE,TRUE,FALSE,FALSE,FALSE,FALSE,NA,"Aj7",1
"413",FALSE,FALSE,FALSE,TRUE,FALSE,FALSE,FALSE,FALSE,NA,"Aj8",1
"414",FALSE,FALSE,FALSE,TRUE,FALSE,FALSE,FALSE,FALSE,NA,"Aj9",1
"415",FALSE,FALSE,FALSE,TRUE,FALSE,FALSE,FALSE,FALSE,NA,"Ca1",1
"416",FALSE,FALSE,FALSE,FALSE,TRUE,FALSE,FALSE,FALSE,NA,"Ca10",1
"417",FALSE,FALSE,FALSE,TRUE,FALSE,FALSE,FALSE,FALSE,NA,"Ca11",1
"418",FALSE,FALSE,FALSE,FALSE,FALSE,FALSE,TRUE,FALSE,NA,"Ca12",1
"419",FALSE,FALSE,FALSE,FALSE,FALSE,FALSE,TRUE,FALSE,NA,"Ca13",1
"420",FALSE,FALSE,FALSE,TRUE,FALSE,FALSE,FALSE,FALSE,NA,"Ca14",1
"421",FALSE,FALSE,FALSE,TRUE,FALSE,FALSE,FALSE,FALSE,NA,"Ca15",1
"422",FALSE,FALSE,FALSE,TRUE,FALSE,FALSE,FALSE,FALSE,NA,"Ca16",1
"423",FALSE,FALSE,FALSE,TRUE,FALSE,FALSE,FALSE,FALSE,NA,"Ca17",1
"424",FALSE,FALSE,FALSE,TRUE,FALSE,FALSE,FALSE,FALSE,NA,"Ca18",1
"425",FALSE,FALSE,FALSE,TRUE,FALSE,FALSE,FALSE,FALSE,NA,"Ca19",1
"426",FALSE,FALSE,FALSE,TRUE,TRUE,FALSE,FALSE,FALSE,NA,"Ca2",2
"427",FALSE,FALSE,FALSE,TRUE,FALSE,FALSE,FALSE,FALSE,NA,"Ca20",1
"428",FALSE,FALSE,FALSE,TRUE,FALSE,FALSE,FALSE,FALSE,NA,"Ca21",1
"429",FALSE,FALSE,FALSE,TRUE,FALSE,FALSE,FALSE,FALSE,NA,"Ca22",1
"430",FALSE,FALSE,FALSE,TRUE,FALSE,FALSE,FALSE,FALSE,NA,"Ca23",1
"431",FALSE,FALSE,FALSE,TRUE,FALSE,FALSE,FALSE,FALSE,NA,"Ca24",1
"432",FALSE,FALSE,FALSE,TRUE,FALSE,FALSE,FALSE,FALSE,NA,"Ca25",1
"433",FALSE,FALSE,FALSE,TRUE,FALSE,FALSE,FALSE,FALSE,NA,"Ca26",1
"434",FALSE,FALSE,FALSE,TRUE,FALSE,FALSE,FALSE,FALSE,NA,"Ca27",1
"435",FALSE,FALSE,FALSE,TRUE,FALSE,FALSE,FALSE,FALSE,NA,"Ca28",1
"436",FALSE,FALSE,FALSE,FALSE,FALSE,FALSE,TRUE,FALSE,NA,"Ca29",1
"437",FALSE,FALSE,FALSE,FALSE,FALSE,FALSE,TRUE,FALSE,NA,"Ca3",1
"438",FALSE,FALSE,FALSE,FALSE,FALSE,FALSE,TRUE,FALSE,NA,"Ca30",1
"439",FALSE,FALSE,FALSE,FALSE,FALSE,FALSE,TRUE,FALSE,NA,"Ca31",1
"440",FALSE,FALSE,FALSE,TRUE,FALSE,FALSE,FALSE,FALSE,NA,"Ca32",1
"441",FALSE,FALSE,FALSE,TRUE,FALSE,FALSE,FALSE,FALSE,NA,"Ca33",1
"442",FALSE,FALSE,FALSE,FALSE,TRUE,FALSE,FALSE,FALSE,NA,"Ca34",1
"443",FALSE,FALSE,FALSE,FALSE,TRUE,FALSE,FALSE,FALSE,NA,"Ca35",1
"444",FALSE,FALSE,FALSE,FALSE,TRUE,FALSE,FALSE,FALSE,NA,"Ca36",1
"445",FALSE,FALSE,FALSE,FALSE,TRUE,FALSE,FALSE,FALSE,NA,"Ca37",1
"446",FALSE,FALSE,FALSE,TRUE,TRUE,FALSE,FALSE,FALSE,NA,"Ca38",2
"447",FALSE,FALSE,FALSE,FALSE,FALSE,FALSE,TRUE,FALSE,NA,"Ca39",1
"448",FALSE,FALSE,FALSE,TRUE,FALSE,FALSE,FALSE,FALSE,NA,"Ca4",1
"449",FALSE,FALSE,FALSE,TRUE,FALSE,FALSE,FALSE,FALSE,NA,"Ca40",1
"450",FALSE,FALSE,FALSE,TRUE,FALSE,FALSE,FALSE,FALSE,NA,"Ca41",1
"451",FALSE,FALSE,FALSE,TRUE,FALSE,FALSE,FALSE,FALSE,NA,"Ca42",1
"452",FALSE,FALSE,FALSE,NA,TRUE,FALSE,FALSE,FALSE,NA,"Ca43",NA
"453",FALSE,FALSE,FALSE,TRUE,TRUE,FALSE,FALSE,FALSE,NA,"Ca5",2
"454",FALSE,FALSE,FALSE,FALSE,TRUE,FALSE,FALSE,FALSE,NA,"Ca6",1
"455",FALSE,FALSE,FALSE,FALSE,FALSE,FALSE,TRUE,FALSE,NA,"Ca7",1
"456",FALSE,FALSE,FALSE,TRUE,FALSE,FALSE,FALSE,FALSE,NA,"Ca8",1
"457",FALSE,FALSE,FALSE,TRUE,FALSE,FALSE,FALSE,FALSE,NA,"Ca9",1
"458",FALSE,FALSE,NA,NA,FALSE,FALSE,FALSE,FALSE,NA,"Cb1",NA
"459",FALSE,FALSE,FALSE,TRUE,FALSE,FALSE,FALSE,FALSE,NA,"Cb10",1
"460",FALSE,FALSE,FALSE,FALSE,TRUE,FALSE,FALSE,FALSE,NA,"Cb11",1
"461",FALSE,FALSE,FALSE,TRUE,FALSE,FALSE,FALSE,FALSE,NA,"Cb12",1
"462",FALSE,FALSE,FALSE,TRUE,FALSE,FALSE,FALSE,FALSE,NA,"Cb13",1
"463",FALSE,FALSE,FALSE,TRUE,FALSE,FALSE,FALSE,FALSE,NA,"Cb14",1
"464",FALSE,FALSE,FALSE,TRUE,FALSE,FALSE,FALSE,FALSE,NA,"Cb15",1
"465",FALSE,FALSE,FALSE,TRUE,TRUE,FALSE,FALSE,FALSE,NA,"Cb16",2
"466",FALSE,FALSE,FALSE,TRUE,FALSE,FALSE,FALSE,FALSE,NA,"Cb17",1
"467",FALSE,FALSE,FALSE,TRUE,FALSE,FALSE,FALSE,FALSE,NA,"Cb18",1
"468",FALSE,FALSE,FALSE,TRUE,FALSE,FALSE,FALSE,FALSE,NA,"Cb19",1
"469",FALSE,FALSE,FALSE,TRUE,FALSE,FALSE,FALSE,FALSE,NA,"Cb2",1
"470",FALSE,FALSE,FALSE,TRUE,FALSE,FALSE,FALSE,FALSE,NA,"Cb20",1
"471",FALSE,FALSE,FALSE,FALSE,TRUE,FALSE,FALSE,FALSE,NA,"Cb21",1
"472",FALSE,FALSE,FALSE,TRUE,FALSE,FALSE,FALSE,FALSE,NA,"Cb22",1
"473",FALSE,FALSE,FALSE,TRUE,FALSE,FALSE,FALSE,FALSE,NA,"Cb23",1
"474",FALSE,FALSE,FALSE,FALSE,TRUE,FALSE,FALSE,FALSE,NA,"Cb24",1
"475",FALSE,FALSE,FALSE,TRUE,FALSE,FALSE,FALSE,FALSE,NA,"Cb25",1
"476",FALSE,FALSE,FALSE,TRUE,FALSE,FALSE,FALSE,FALSE,NA,"Cb26",1
"477",FALSE,FALSE,FALSE,TRUE,FALSE,FALSE,FALSE,FALSE,NA,"Cb27",1
"478",FALSE,FALSE,FALSE,TRUE,FALSE,FALSE,FALSE,FALSE,NA,"Cb28",1
"479",FALSE,FALSE,NA,NA,FALSE,FALSE,FALSE,FALSE,NA,"Cb29",NA
"480",FALSE,FALSE,FALSE,TRUE,FALSE,FALSE,FALSE,FALSE,NA,"Cb3",1
"481",FALSE,FALSE,FALSE,TRUE,FALSE,FALSE,FALSE,FALSE,NA,"Cb4",1
"482",FALSE,FALSE,FALSE,TRUE,FALSE,FALSE,FALSE,FALSE,NA,"Cb5",1
"483",FALSE,FALSE,FALSE,TRUE,FALSE,FALSE,FALSE,FALSE,NA,"Cb6",1
"484",FALSE,FALSE,FALSE,TRUE,FALSE,FALSE,FALSE,FALSE,NA,"Cb7",1
"485",FALSE,FALSE,FALSE,TRUE,TRUE,FALSE,FALSE,FALSE,NA,"Cb8",2
"486",FALSE,FALSE,FALSE,TRUE,FALSE,FALSE,FALSE,FALSE,NA,"Cb9",1
"487",FALSE,FALSE,FALSE,FALSE,TRUE,FALSE,FALSE,FALSE,NA,"Cc1",1
"488",FALSE,FALSE,FALSE,TRUE,FALSE,FALSE,FALSE,FALSE,NA,"Cc10",1
"489",FALSE,FALSE,FALSE,TRUE,FALSE,FALSE,FALSE,FALSE,NA,"Cc11",1
"490",FALSE,FALSE,FALSE,TRUE,FALSE,FALSE,FALSE,FALSE,NA,"Cc12",1
"491",FALSE,FALSE,FALSE,TRUE,FALSE,FALSE,FALSE,FALSE,NA,"Cc13",1
"492",FALSE,FALSE,FALSE,TRUE,FALSE,FALSE,FALSE,FALSE,NA,"Cc14",1
"493",FALSE,FALSE,NA,NA,FALSE,FALSE,FALSE,FALSE,NA,"Cc15",NA
"494",FALSE,FALSE,FALSE,TRUE,TRUE,FALSE,FALSE,FALSE,NA,"Cc16",2
"495",FALSE,FALSE,TRUE,FALSE,FALSE,FALSE,FALSE,FALSE,NA,"Cc17",1
"496",FALSE,FALSE,FALSE,TRUE,TRUE,FALSE,FALSE,FALSE,NA,"Cc18",2
"497",FALSE,FALSE,FALSE,TRUE,FALSE,FALSE,FALSE,FALSE,NA,"Cc19",1
"498",FALSE,FALSE,FALSE,TRUE,FALSE,FALSE,FALSE,FALSE,NA,"Cc2",1
"499",FALSE,FALSE,FALSE,TRUE,FALSE,FALSE,FALSE,FALSE,NA,"Cc20",1
"500",FALSE,FALSE,FALSE,TRUE,FALSE,FALSE,FALSE,FALSE,NA,"Cc3",1
"501",FALSE,FALSE,FALSE,TRUE,FALSE,FALSE,FALSE,FALSE,NA,"Cc4",1
"502",FALSE,FALSE,FALSE,TRUE,FALSE,FALSE,FALSE,FALSE,NA,"Cc5",1
"503",FALSE,FALSE,FALSE,FALSE,TRUE,FALSE,FALSE,FALSE,NA,"Cc6",1
"504",FALSE,FALSE,FALSE,FALSE,TRUE,FALSE,FALSE,FALSE,NA,"Cc7",1
"505",FALSE,FALSE,NA,NA,FALSE,FALSE,FALSE,FALSE,NA,"Cc8",NA
"506",FALSE,FALSE,FALSE,TRUE,FALSE,FALSE,FALSE,FALSE,NA,"Cc9",1
"507",FALSE,FALSE,FALSE,TRUE,FALSE,FALSE,FALSE,FALSE,NA,"Cd1",1
"508",FALSE,FALSE,FALSE,FALSE,FALSE,FALSE,FALSE,TRUE,NA,"Cd10",1
"509",FALSE,FALSE,FALSE,TRUE,FALSE,FALSE,FALSE,FALSE,NA,"Cd11",1
"510",FALSE,FALSE,FALSE,FALSE,FALSE,FALSE,FALSE,TRUE,NA,"Cd12",1
"511",FALSE,FALSE,TRUE,FALSE,FALSE,FALSE,FALSE,FALSE,NA,"Cd13",1
"512",FALSE,FALSE,TRUE,FALSE,FALSE,FALSE,FALSE,FALSE,NA,"Cd14",1
"513",FALSE,FALSE,FALSE,FALSE,FALSE,FALSE,FALSE,TRUE,NA,"Cd15",1
"514",FALSE,FALSE,FALSE,FALSE,FALSE,FALSE,FALSE,TRUE,NA,"Cd16",1
"515",FALSE,FALSE,FALSE,FALSE,TRUE,FALSE,FALSE,FALSE,NA,"Cd17",1
"516",FALSE,FALSE,TRUE,FALSE,FALSE,FALSE,FALSE,FALSE,NA,"Cd18",1
"517",FALSE,FALSE,FALSE,TRUE,FALSE,FALSE,FALSE,FALSE,NA,"Cd19",1
"518",FALSE,FALSE,FALSE,FALSE,FALSE,FALSE,FALSE,TRUE,NA,"Cd2",1
"519",FALSE,FALSE,TRUE,FALSE,FALSE,FALSE,FALSE,FALSE,NA,"Cd20",1
"520",FALSE,FALSE,FALSE,FALSE,FALSE,FALSE,TRUE,FALSE,NA,"Cd21",1
"521",FALSE,FALSE,FALSE,FALSE,FALSE,FALSE,TRUE,FALSE,NA,"Cd3",1
"522",FALSE,FALSE,FALSE,FALSE,FALSE,FALSE,TRUE,FALSE,NA,"Cd4",1
"523",FALSE,FALSE,FALSE,FALSE,FALSE,FALSE,FALSE,TRUE,NA,"Cd5",1
"524",FALSE,FALSE,FALSE,FALSE,FALSE,FALSE,FALSE,TRUE,NA,"Cd6",1
"525",FALSE,FALSE,FALSE,FALSE,FALSE,FALSE,TRUE,FALSE,NA,"Cd7",1
"526",FALSE,FALSE,FALSE,FALSE,FALSE,FALSE,FALSE,TRUE,NA,"Cd8",1
"527",FALSE,FALSE,FALSE,FALSE,FALSE,FALSE,FALSE,TRUE,NA,"Cd9",1
"528",FALSE,FALSE,FALSE,FALSE,FALSE,FALSE,TRUE,FALSE,NA,"Ce1",1
"529",FALSE,FALSE,NA,NA,FALSE,FALSE,FALSE,FALSE,NA,"Ce2",NA
"530",FALSE,FALSE,FALSE,FALSE,FALSE,FALSE,TRUE,FALSE,NA,"Ce3",1
"531",FALSE,FALSE,FALSE,FALSE,FALSE,FALSE,TRUE,FALSE,NA,"Ce4",1
"532",FALSE,FALSE,FALSE,FALSE,FALSE,FALSE,TRUE,FALSE,NA,"Ce5",1
"533",FALSE,FALSE,FALSE,FALSE,FALSE,FALSE,TRUE,FALSE,NA,"Ce6",1
"534",FALSE,FALSE,FALSE,FALSE,FALSE,FALSE,TRUE,FALSE,NA,"Ce7",1
"535",FALSE,FALSE,FALSE,FALSE,FALSE,FALSE,TRUE,FALSE,NA,"Ce8",1
"536",FALSE,FALSE,FALSE,FALSE,FALSE,FALSE,TRUE,FALSE,NA,"Cf1",1
"537",FALSE,FALSE,FALSE,FALSE,TRUE,FALSE,FALSE,FALSE,NA,"Cf2",1
"538",FALSE,FALSE,FALSE,FALSE,FALSE,FALSE,TRUE,FALSE,NA,"Cf3",1
"539",FALSE,FALSE,FALSE,FALSE,FALSE,FALSE,TRUE,FALSE,NA,"Cf4",1
"540",FALSE,FALSE,FALSE,FALSE,FALSE,FALSE,TRUE,FALSE,NA,"Cf5",1
"541",FALSE,FALSE,FALSE,FALSE,FALSE,FALSE,TRUE,FALSE,NA,"Cg1",1
"542",FALSE,FALSE,TRUE,FALSE,FALSE,FALSE,FALSE,FALSE,NA,"Cg2",1
"543",FALSE,FALSE,FALSE,FALSE,FALSE,FALSE,TRUE,FALSE,NA,"Cg3",1
"544",FALSE,FALSE,FALSE,FALSE,TRUE,FALSE,FALSE,FALSE,NA,"Cg4",1
"545",FALSE,FALSE,FALSE,FALSE,FALSE,FALSE,TRUE,FALSE,NA,"Cg5",1
"546",FALSE,FALSE,FALSE,FALSE,FALSE,FALSE,TRUE,FALSE,NA,"Ch1",1
"547",FALSE,FALSE,NA,NA,FALSE,FALSE,FALSE,FALSE,NA,"Ch10",NA
"548",FALSE,FALSE,FALSE,FALSE,FALSE,FALSE,FALSE,TRUE,NA,"Ch11",1
"549",FALSE,FALSE,FALSE,FALSE,FALSE,FALSE,TRUE,FALSE,NA,"Ch2",1
"550",FALSE,FALSE,FALSE,FALSE,FALSE,FALSE,TRUE,FALSE,NA,"Ch3",1
"551",FALSE,FALSE,FALSE,FALSE,FALSE,FALSE,TRUE,FALSE,NA,"Ch4",1
"552",FALSE,FALSE,FALSE,FALSE,FALSE,FALSE,TRUE,FALSE,NA,"Ch5",1
"553",FALSE,FALSE,FALSE,FALSE,FALSE,FALSE,TRUE,FALSE,NA,"Ch6",1
"554",FALSE,FALSE,FALSE,FALSE,FALSE,FALSE,TRUE,FALSE,NA,"Ch7",1
"555",FALSE,FALSE,FALSE,FALSE,FALSE,FALSE,TRUE,FALSE,NA,"Ch8",1
"556",FALSE,FALSE,FALSE,FALSE,FALSE,FALSE,TRUE,FALSE,NA,"Ch9",1
"557",FALSE,FALSE,FALSE,FALSE,TRUE,FALSE,FALSE,FALSE,NA,"Ci1",1
"558",FALSE,FALSE,FALSE,FALSE,FALSE,FALSE,TRUE,FALSE,NA,"Ci10",1
"559",FALSE,FALSE,FALSE,FALSE,FALSE,FALSE,FALSE,TRUE,NA,"Ci11",1
"560",FALSE,FALSE,TRUE,FALSE,FALSE,FALSE,FALSE,FALSE,NA,"Ci12",1
"561",FALSE,FALSE,FALSE,FALSE,FALSE,FALSE,TRUE,FALSE,NA,"Ci2",1
"562",FALSE,FALSE,FALSE,FALSE,FALSE,FALSE,TRUE,FALSE,NA,"Ci3",1
"563",FALSE,FALSE,FALSE,FALSE,FALSE,FALSE,TRUE,FALSE,NA,"Ci4",1
"564",FALSE,FALSE,FALSE,FALSE,FALSE,FALSE,TRUE,FALSE,NA,"Ci5",1
"565",FALSE,FALSE,FALSE,FALSE,FALSE,FALSE,TRUE,FALSE,NA,"Ci6",1
"566",FALSE,FALSE,FALSE,FALSE,FALSE,FALSE,TRUE,FALSE,NA,"Ci7",1
"567",FALSE,FALSE,FALSE,FALSE,FALSE,FALSE,FALSE,TRUE,NA,"Ci8",1
"568",FALSE,FALSE,FALSE,FALSE,FALSE,FALSE,TRUE,FALSE,NA,"Ci9",1
"569",FALSE,FALSE,FALSE,FALSE,FALSE,FALSE,FALSE,TRUE,NA,"Cj1",1
"570",FALSE,FALSE,FALSE,FALSE,FALSE,FALSE,FALSE,TRUE,NA,"Cj10",1
"571",FALSE,FALSE,FALSE,FALSE,TRUE,FALSE,FALSE,FALSE,NA,"Cj2",1
"572",FALSE,FALSE,FALSE,FALSE,FALSE,FALSE,TRUE,FALSE,NA,"Cj3",1
"573",FALSE,FALSE,FALSE,FALSE,FALSE,FALSE,FALSE,TRUE,NA,"Cj4",1
"574",FALSE,FALSE,FALSE,FALSE,TRUE,FALSE,FALSE,FALSE,NA,"Cj5",1
"575",FALSE,FALSE,FALSE,FALSE,FALSE,FALSE,TRUE,FALSE,NA,"Cj6",1
"576",FALSE,FALSE,FALSE,FALSE,FALSE,FALSE,TRUE,FALSE,NA,"Cj7",1
"577",FALSE,FALSE,FALSE,FALSE,FALSE,FALSE,TRUE,FALSE,NA,"Cj8",1
"578",FALSE,FALSE,FALSE,FALSE,FALSE,FALSE,FALSE,TRUE,NA,"Cj9",1
"579",FALSE,FALSE,FALSE,FALSE,FALSE,FALSE,FALSE,TRUE,NA,"Ea1",1
"580",FALSE,FALSE,FALSE,FALSE,FALSE,FALSE,TRUE,FALSE,NA,"Ea10",1
"581",FALSE,FALSE,FALSE,FALSE,FALSE,FALSE,FALSE,TRUE,NA,"Ea11",1
"582",FALSE,FALSE,FALSE,FALSE,TRUE,FALSE,FALSE,FALSE,NA,"Ea12",1
"583",FALSE,FALSE,FALSE,FALSE,FALSE,FALSE,TRUE,FALSE,NA,"Ea13",1
"584",FALSE,FALSE,FALSE,FALSE,FALSE,FALSE,FALSE,TRUE,NA,"Ea2",1
"585",FALSE,FALSE,FALSE,FALSE,FALSE,FALSE,FALSE,TRUE,NA,"Ea3",1
"586",FALSE,FALSE,FALSE,FALSE,FALSE,FALSE,FALSE,TRUE,NA,"Ea4",1
"587",FALSE,FALSE,FALSE,FALSE,FALSE,FALSE,FALSE,TRUE,NA,"Ea5",1
"588",FALSE,FALSE,FALSE,FALSE,TRUE,FALSE,FALSE,FALSE,NA,"Ea6",1
"589",FALSE,FALSE,FALSE,FALSE,FALSE,FALSE,FALSE,TRUE,NA,"Ea7",1
"590",FALSE,FALSE,FALSE,TRUE,TRUE,FALSE,FALSE,FALSE,NA,"Ea8",2
"591",FALSE,FALSE,FALSE,FALSE,FALSE,FALSE,FALSE,TRUE,NA,"Ea9",1
"592",FALSE,FALSE,FALSE,FALSE,TRUE,FALSE,FALSE,FALSE,NA,"Eb1",1
"593",FALSE,FALSE,FALSE,FALSE,FALSE,FALSE,TRUE,FALSE,NA,"Eb2",1
"594",FALSE,FALSE,FALSE,FALSE,TRUE,FALSE,FALSE,FALSE,NA,"Eb3",1
"595",FALSE,FALSE,NA,NA,FALSE,FALSE,FALSE,FALSE,NA,"Eb4",NA
"596",FALSE,FALSE,FALSE,FALSE,FALSE,FALSE,FALSE,TRUE,NA,"Eb5",1
"597",FALSE,FALSE,FALSE,NA,TRUE,FALSE,FALSE,FALSE,NA,"Eb6",NA
"598",FALSE,FALSE,FALSE,FALSE,TRUE,FALSE,FALSE,FALSE,NA,"Eb7",1
"599",FALSE,FALSE,NA,NA,FALSE,FALSE,FALSE,FALSE,NA,"Eb8",NA
"600",FALSE,TRUE,FALSE,FALSE,FALSE,FALSE,FALSE,FALSE,NA,"Ec1",1
"601",FALSE,TRUE,FALSE,FALSE,FALSE,FALSE,FALSE,FALSE,NA,"Ec10",1
"602",FALSE,FALSE,TRUE,FALSE,FALSE,FALSE,FALSE,FALSE,NA,"Ec11",1
"603",FALSE,FALSE,TRUE,FALSE,FALSE,FALSE,FALSE,FALSE,NA,"Ec2",1
"604",FALSE,FALSE,TRUE,FALSE,FALSE,FALSE,FALSE,FALSE,NA,"Ec3",1
"605",FALSE,FALSE,TRUE,FALSE,FALSE,FALSE,FALSE,FALSE,NA,"Ec4",1
"606",FALSE,TRUE,FALSE,FALSE,FALSE,FALSE,FALSE,FALSE,NA,"Ec5",1
"607",FALSE,TRUE,FALSE,FALSE,FALSE,FALSE,FALSE,FALSE,NA,"Ec6",1
"608",FALSE,TRUE,FALSE,FALSE,FALSE,FALSE,FALSE,FALSE,NA,"Ec7",1
"609",FALSE,TRUE,FALSE,FALSE,FALSE,FALSE,FALSE,FALSE,NA,"Ec8",1
"610",FALSE,TRUE,FALSE,TRUE,FALSE,FALSE,FALSE,FALSE,NA,"Ec9",2
"611",FALSE,FALSE,FALSE,FALSE,FALSE,FALSE,FALSE,TRUE,NA,"Ed1",1
"612",FALSE,FALSE,FALSE,FALSE,FALSE,FALSE,TRUE,FALSE,NA,"Ed10",1
"613",FALSE,FALSE,NA,NA,FALSE,FALSE,FALSE,FALSE,NA,"Ed13",NA
"614",FALSE,FALSE,NA,NA,FALSE,FALSE,FALSE,FALSE,NA,"Ed14",NA
"615",FALSE,FALSE,NA,NA,FALSE,FALSE,FALSE,FALSE,NA,"Ed15a",NA
"616",FALSE,FALSE,FALSE,TRUE,FALSE,FALSE,FALSE,FALSE,NA,"Ed15b",1
"617",FALSE,FALSE,NA,NA,FALSE,FALSE,FALSE,FALSE,NA,"Ed16",NA
"618",FALSE,FALSE,FALSE,FALSE,FALSE,FALSE,TRUE,FALSE,NA,"Ed2",1
"619",FALSE,FALSE,FALSE,FALSE,FALSE,FALSE,TRUE,FALSE,NA,"Ed3",1
"620",FALSE,FALSE,FALSE,TRUE,FALSE,FALSE,FALSE,FALSE,NA,"Ed4",1
"621",FALSE,FALSE,FALSE,FALSE,FALSE,FALSE,FALSE,TRUE,NA,"Ed5",1
"622",FALSE,FALSE,FALSE,FALSE,FALSE,FALSE,FALSE,TRUE,NA,"Ed6",1
"623",FALSE,FALSE,FALSE,FALSE,FALSE,FALSE,TRUE,FALSE,NA,"Ed7",1
"624",FALSE,FALSE,FALSE,FALSE,FALSE,FALSE,FALSE,TRUE,NA,"Ed8",1
"625",FALSE,FALSE,FALSE,FALSE,FALSE,FALSE,TRUE,FALSE,NA,"Ed9",1
"626",FALSE,FALSE,FALSE,TRUE,FALSE,FALSE,FALSE,FALSE,NA,"Ee1",1
"627",FALSE,FALSE,FALSE,FALSE,FALSE,FALSE,FALSE,TRUE,NA,"Ee2",1
"628",FALSE,FALSE,FALSE,FALSE,FALSE,FALSE,TRUE,FALSE,NA,"Ee3",1
"629",FALSE,FALSE,FALSE,FALSE,FALSE,FALSE,FALSE,TRUE,NA,"Ee4",1
"630",FALSE,FALSE,FALSE,FALSE,FALSE,FALSE,TRUE,FALSE,NA,"Ee5",1
"631",FALSE,FALSE,FALSE,FALSE,FALSE,FALSE,TRUE,FALSE,NA,"Ee6",1
"632",FALSE,FALSE,NA,NA,FALSE,FALSE,FALSE,FALSE,NA,"Ee7",NA
"633",FALSE,FALSE,FALSE,FALSE,FALSE,FALSE,FALSE,TRUE,NA,"Ee8",1
"634",FALSE,FALSE,FALSE,FALSE,FALSE,FALSE,FALSE,TRUE,NA,"Ef1",1
"635",FALSE,FALSE,NA,NA,FALSE,FALSE,FALSE,FALSE,NA,"Ef10",NA
"636",FALSE,FALSE,FALSE,FALSE,FALSE,FALSE,FALSE,TRUE,NA,"Ef11",1
"637",FALSE,FALSE,FALSE,FALSE,FALSE,FALSE,FALSE,TRUE,NA,"Ef2",1
"638",FALSE,FALSE,NA,NA,FALSE,FALSE,FALSE,FALSE,NA,"Ef3",NA
"639",FALSE,FALSE,NA,NA,FALSE,FALSE,FALSE,FALSE,NA,"Ef4",NA
"640",FALSE,FALSE,FALSE,FALSE,FALSE,FALSE,TRUE,FALSE,NA,"Ef5",1
"641",FALSE,FALSE,FALSE,FALSE,FALSE,FALSE,TRUE,FALSE,NA,"Ef6",1
"642",FALSE,FALSE,FALSE,FALSE,FALSE,FALSE,TRUE,FALSE,NA,"Ef7",1
"643",FALSE,FALSE,FALSE,FALSE,FALSE,FALSE,FALSE,TRUE,NA,"Ef8",1
"644",FALSE,FALSE,FALSE,FALSE,FALSE,FALSE,TRUE,FALSE,NA,"Ef9",1
"645",TRUE,FALSE,FALSE,FALSE,FALSE,FALSE,FALSE,FALSE,NA,"Eg1",1
"646",FALSE,FALSE,FALSE,FALSE,FALSE,FALSE,FALSE,TRUE,NA,"Eg10",1
"647",FALSE,FALSE,NA,NA,FALSE,FALSE,FALSE,FALSE,NA,"Eg11",NA
"648",FALSE,FALSE,NA,NA,FALSE,FALSE,FALSE,FALSE,NA,"Eg12",NA
"649",FALSE,FALSE,FALSE,TRUE,FALSE,FALSE,FALSE,FALSE,NA,"Eg13",1
"650",FALSE,FALSE,FALSE,TRUE,FALSE,FALSE,FALSE,FALSE,NA,"Eg14",1
"651",FALSE,FALSE,FALSE,FALSE,FALSE,FALSE,FALSE,TRUE,NA,"Eg2",1
"652",FALSE,FALSE,FALSE,TRUE,FALSE,FALSE,FALSE,FALSE,NA,"Eg3",1
"653",FALSE,FALSE,FALSE,FALSE,TRUE,FALSE,FALSE,FALSE,NA,"Eg4",1
"654",FALSE,FALSE,FALSE,FALSE,FALSE,FALSE,TRUE,FALSE,NA,"Eg5",1
"655",FALSE,FALSE,FALSE,FALSE,FALSE,FALSE,FALSE,TRUE,NA,"Eg6",1
"656",FALSE,FALSE,FALSE,TRUE,FALSE,FALSE,FALSE,FALSE,NA,"Eg7",1
"657",FALSE,FALSE,FALSE,FALSE,FALSE,FALSE,TRUE,FALSE,NA,"Eg8",1
"658",FALSE,FALSE,TRUE,FALSE,FALSE,FALSE,FALSE,FALSE,NA,"Eg9",1
"659",TRUE,FALSE,FALSE,FALSE,FALSE,FALSE,FALSE,FALSE,NA,"Eh1",1
"660",FALSE,FALSE,NA,NA,FALSE,FALSE,FALSE,FALSE,NA,"Eh10",NA
"661",FALSE,FALSE,FALSE,TRUE,FALSE,FALSE,FALSE,FALSE,NA,"Eh2",1
"662",FALSE,FALSE,FALSE,TRUE,FALSE,FALSE,FALSE,FALSE,NA,"Eh3",1
"663",TRUE,FALSE,FALSE,FALSE,FALSE,FALSE,FALSE,FALSE,NA,"Eh4",1
"664",FALSE,FALSE,FALSE,TRUE,FALSE,FALSE,FALSE,FALSE,NA,"Eh5",1
"665",FALSE,FALSE,FALSE,FALSE,FALSE,FALSE,FALSE,TRUE,NA,"Eh6",1
"666",FALSE,FALSE,FALSE,TRUE,FALSE,FALSE,FALSE,FALSE,NA,"Eh7",1
"667",FALSE,FALSE,FALSE,TRUE,FALSE,FALSE,FALSE,FALSE,NA,"Eh8",1
"668",FALSE,FALSE,FALSE,TRUE,FALSE,FALSE,FALSE,FALSE,NA,"Eh9",1
"669",FALSE,FALSE,FALSE,TRUE,FALSE,FALSE,FALSE,FALSE,NA,"Ei1",1
"670",FALSE,FALSE,FALSE,TRUE,FALSE,FALSE,FALSE,FALSE,NA,"Ei10",1
"671",FALSE,FALSE,FALSE,TRUE,FALSE,FALSE,FALSE,FALSE,NA,"Ei11",1
"672",FALSE,FALSE,FALSE,TRUE,FALSE,FALSE,FALSE,FALSE,NA,"Ei12",1
"673",FALSE,FALSE,FALSE,TRUE,FALSE,FALSE,FALSE,FALSE,NA,"Ei13",1
"674",FALSE,FALSE,FALSE,TRUE,FALSE,FALSE,FALSE,FALSE,NA,"Ei14",1
"675",FALSE,FALSE,NA,NA,FALSE,FALSE,FALSE,FALSE,NA,"Ei15",NA
"676",FALSE,FALSE,FALSE,TRUE,FALSE,FALSE,FALSE,FALSE,NA,"Ei16",1
"677",FALSE,FALSE,NA,NA,FALSE,FALSE,FALSE,FALSE,NA,"Ei17",NA
"678",FALSE,FALSE,FALSE,TRUE,FALSE,FALSE,FALSE,FALSE,NA,"Ei18",1
"679",FALSE,FALSE,FALSE,TRUE,FALSE,FALSE,FALSE,FALSE,NA,"Ei19",1
"680",FALSE,FALSE,FALSE,TRUE,FALSE,FALSE,FALSE,FALSE,NA,"Ei2",1
"681",FALSE,FALSE,NA,NA,FALSE,FALSE,FALSE,FALSE,NA,"Ei20",NA
"682",FALSE,FALSE,FALSE,FALSE,FALSE,FALSE,FALSE,TRUE,NA,"Ei3",1
"683",FALSE,FALSE,FALSE,TRUE,FALSE,FALSE,FALSE,FALSE,NA,"Ei4",1
"684",FALSE,FALSE,FALSE,TRUE,FALSE,FALSE,FALSE,FALSE,NA,"Ei5",1
"685",FALSE,FALSE,FALSE,TRUE,FALSE,FALSE,FALSE,FALSE,NA,"Ei6",1
"686",FALSE,FALSE,FALSE,TRUE,FALSE,FALSE,FALSE,FALSE,NA,"Ei7",1
"687",FALSE,FALSE,FALSE,TRUE,FALSE,FALSE,FALSE,FALSE,NA,"Ei8",1
"688",FALSE,FALSE,FALSE,TRUE,FALSE,FALSE,FALSE,FALSE,NA,"Ei9",1
"689",FALSE,FALSE,FALSE,TRUE,FALSE,FALSE,FALSE,FALSE,NA,"Ej1",1
"690",FALSE,FALSE,FALSE,TRUE,FALSE,FALSE,FALSE,FALSE,NA,"Ej10",1
"691",FALSE,FALSE,FALSE,FALSE,FALSE,FALSE,FALSE,TRUE,NA,"Ej11",1
"692",FALSE,FALSE,FALSE,TRUE,FALSE,FALSE,FALSE,FALSE,NA,"Ej12",1
"693",FALSE,FALSE,FALSE,FALSE,FALSE,FALSE,FALSE,TRUE,NA,"Ej13",1
"694",FALSE,FALSE,TRUE,FALSE,FALSE,FALSE,FALSE,FALSE,NA,"Ej14",1
"695",FALSE,FALSE,FALSE,FALSE,FALSE,FALSE,TRUE,FALSE,NA,"Ej15",1
"696",FALSE,FALSE,FALSE,TRUE,FALSE,FALSE,FALSE,FALSE,NA,"Ej16",1
"697",FALSE,FALSE,FALSE,TRUE,FALSE,FALSE,FALSE,FALSE,NA,"Ej2",1
"698",TRUE,FALSE,FALSE,FALSE,FALSE,FALSE,FALSE,FALSE,NA,"Ej3",1
"699",FALSE,FALSE,FALSE,FALSE,FALSE,FALSE,FALSE,TRUE,NA,"Ej4",1
"700",FALSE,FALSE,FALSE,FALSE,FALSE,FALSE,FALSE,TRUE,NA,"Ej5",1
"701",FALSE,TRUE,FALSE,FALSE,FALSE,FALSE,FALSE,FALSE,NA,"Ej6",1
"702",FALSE,FALSE,FALSE,TRUE,FALSE,FALSE,FALSE,FALSE,NA,"Ej7",1
"703",FALSE,FALSE,FALSE,FALSE,FALSE,FALSE,FALSE,TRUE,NA,"Ej8",1
"704",FALSE,FALSE,FALSE,FALSE,FALSE,FALSE,FALSE,TRUE,NA,"Ej9",1
"705",FALSE,FALSE,FALSE,TRUE,FALSE,FALSE,FALSE,FALSE,NA,"Ia1",1
"706",FALSE,FALSE,FALSE,TRUE,FALSE,FALSE,FALSE,FALSE,NA,"Ia10",1
"707",FALSE,FALSE,FALSE,FALSE,FALSE,FALSE,FALSE,TRUE,NA,"Ia11",1
"708",FALSE,FALSE,FALSE,FALSE,FALSE,FALSE,FALSE,TRUE,NA,"Ia12",1
"709",FALSE,TRUE,FALSE,TRUE,FALSE,TRUE,FALSE,FALSE,NA,"Ia13",3
"710",FALSE,FALSE,FALSE,TRUE,FALSE,FALSE,FALSE,FALSE,NA,"Ia14",1
"711",FALSE,FALSE,FALSE,TRUE,FALSE,FALSE,FALSE,FALSE,NA,"Ia15",1
"712",FALSE,FALSE,FALSE,TRUE,FALSE,FALSE,FALSE,FALSE,NA,"Ia16",1
"713",FALSE,FALSE,NA,NA,FALSE,FALSE,FALSE,FALSE,NA,"Ia17",NA
"714",FALSE,FALSE,NA,NA,FALSE,FALSE,FALSE,FALSE,NA,"Ia18",NA
"715",FALSE,FALSE,FALSE,FALSE,FALSE,FALSE,FALSE,TRUE,NA,"Ia2",1
"716",FALSE,FALSE,FALSE,TRUE,FALSE,FALSE,FALSE,FALSE,NA,"Ia3",1
"717",FALSE,FALSE,FALSE,TRUE,FALSE,FALSE,FALSE,FALSE,NA,"Ia4",1
"718",FALSE,FALSE,FALSE,TRUE,FALSE,FALSE,FALSE,FALSE,NA,"Ia5",1
"719",FALSE,FALSE,FALSE,TRUE,FALSE,FALSE,FALSE,FALSE,NA,"Ia6",1
"720",FALSE,FALSE,FALSE,TRUE,FALSE,FALSE,FALSE,FALSE,NA,"Ia7",1
"721",FALSE,FALSE,FALSE,TRUE,FALSE,FALSE,FALSE,FALSE,NA,"Ia8",1
"722",FALSE,FALSE,FALSE,FALSE,FALSE,FALSE,FALSE,TRUE,NA,"Ia9",1
"723",FALSE,FALSE,FALSE,TRUE,FALSE,FALSE,FALSE,FALSE,NA,"Ib1",1
"724",FALSE,FALSE,FALSE,FALSE,FALSE,FALSE,FALSE,TRUE,NA,"Ib2",1
"725",FALSE,FALSE,FALSE,FALSE,FALSE,FALSE,FALSE,TRUE,NA,"Ib3",1
"726",FALSE,FALSE,FALSE,FALSE,FALSE,FALSE,FALSE,TRUE,NA,"Ib4",1
"727",FALSE,FALSE,FALSE,TRUE,FALSE,FALSE,FALSE,FALSE,NA,"Ib5",1
"728",FALSE,FALSE,FALSE,FALSE,FALSE,FALSE,FALSE,TRUE,NA,"Ib6",1
"729",FALSE,FALSE,FALSE,TRUE,FALSE,FALSE,FALSE,FALSE,NA,"Ib7",1
"730",FALSE,TRUE,FALSE,FALSE,FALSE,FALSE,FALSE,FALSE,NA,"Ib8",1
"731",FALSE,FALSE,NA,NA,FALSE,FALSE,FALSE,FALSE,NA,"Ib9",NA
"732",FALSE,FALSE,FALSE,FALSE,FALSE,FALSE,FALSE,TRUE,NA,"Ic1",1
"733",FALSE,FALSE,FALSE,TRUE,FALSE,FALSE,FALSE,FALSE,NA,"Ic10",1
"734",FALSE,FALSE,FALSE,TRUE,FALSE,FALSE,FALSE,FALSE,NA,"Ic11",1
"735",FALSE,FALSE,FALSE,TRUE,FALSE,FALSE,FALSE,FALSE,NA,"Ic12",1
"736",FALSE,FALSE,NA,NA,FALSE,FALSE,FALSE,FALSE,NA,"Ic13",NA
"737",FALSE,FALSE,FALSE,TRUE,FALSE,FALSE,FALSE,FALSE,NA,"Ic2",1
"738",FALSE,FALSE,FALSE,TRUE,FALSE,FALSE,FALSE,FALSE,NA,"Ic3",1
"739",FALSE,FALSE,NA,NA,FALSE,FALSE,FALSE,FALSE,NA,"Ic4",NA
"740",FALSE,FALSE,FALSE,TRUE,FALSE,FALSE,FALSE,FALSE,NA,"Ic5",1
"741",FALSE,FALSE,FALSE,TRUE,FALSE,FALSE,FALSE,FALSE,NA,"Ic6",1
"742",FALSE,FALSE,FALSE,TRUE,FALSE,FALSE,FALSE,FALSE,NA,"Ic7",1
"743",FALSE,FALSE,FALSE,TRUE,FALSE,FALSE,FALSE,FALSE,NA,"Ic8",1
"744",FALSE,FALSE,FALSE,FALSE,FALSE,FALSE,FALSE,TRUE,NA,"Ic9",1
"745",TRUE,FALSE,FALSE,FALSE,FALSE,FALSE,FALSE,FALSE,NA,"Id1",1
"746",TRUE,FALSE,FALSE,FALSE,FALSE,FALSE,FALSE,FALSE,NA,"Id10",1
"747",TRUE,FALSE,FALSE,FALSE,FALSE,FALSE,FALSE,FALSE,NA,"Id11",1
"748",TRUE,FALSE,FALSE,FALSE,FALSE,FALSE,FALSE,FALSE,NA,"Id12",1
"749",FALSE,TRUE,FALSE,FALSE,FALSE,FALSE,FALSE,FALSE,NA,"Id13",1
"750",TRUE,FALSE,FALSE,FALSE,FALSE,FALSE,FALSE,FALSE,NA,"Id2",1
"751",TRUE,FALSE,FALSE,FALSE,FALSE,FALSE,FALSE,FALSE,NA,"Id3",1
"752",TRUE,FALSE,FALSE,FALSE,FALSE,FALSE,FALSE,FALSE,NA,"Id4",1
"753",FALSE,TRUE,FALSE,FALSE,FALSE,FALSE,FALSE,FALSE,NA,"Id5",1
"754",TRUE,FALSE,FALSE,FALSE,FALSE,FALSE,FALSE,FALSE,NA,"Id6",1
"755",TRUE,FALSE,FALSE,FALSE,FALSE,FALSE,FALSE,FALSE,NA,"Id7",1
"756",TRUE,FALSE,FALSE,FALSE,FALSE,FALSE,FALSE,FALSE,NA,"Id8",1
"757",FALSE,TRUE,FALSE,FALSE,FALSE,FALSE,FALSE,FALSE,NA,"Id9",1
"758",FALSE,FALSE,FALSE,TRUE,FALSE,FALSE,FALSE,FALSE,NA,"Ie1",1
"759",FALSE,FALSE,FALSE,TRUE,FALSE,FALSE,FALSE,FALSE,NA,"Ie10",1
"760",FALSE,FALSE,FALSE,TRUE,FALSE,FALSE,FALSE,FALSE,NA,"Ie11",1
"761",FALSE,FALSE,FALSE,TRUE,FALSE,FALSE,FALSE,FALSE,NA,"Ie12",1
"762",FALSE,FALSE,TRUE,FALSE,FALSE,FALSE,FALSE,FALSE,NA,"Ie13",1
"763",FALSE,FALSE,FALSE,TRUE,FALSE,TRUE,FALSE,FALSE,NA,"Ie14",2
"764",FALSE,FALSE,FALSE,TRUE,FALSE,FALSE,FALSE,FALSE,NA,"Ie15",1
"765",FALSE,FALSE,FALSE,TRUE,FALSE,FALSE,FALSE,FALSE,NA,"Ie16",1
"766",FALSE,FALSE,FALSE,TRUE,FALSE,FALSE,FALSE,FALSE,NA,"Ie17",1
"767",FALSE,FALSE,FALSE,TRUE,FALSE,FALSE,FALSE,FALSE,NA,"Ie18",1
"768",FALSE,FALSE,FALSE,TRUE,FALSE,FALSE,FALSE,FALSE,NA,"Ie19",1
"769",FALSE,FALSE,FALSE,TRUE,FALSE,FALSE,FALSE,FALSE,NA,"Ie2",1
"770",FALSE,FALSE,FALSE,TRUE,FALSE,FALSE,FALSE,FALSE,NA,"Ie20",1
"771",FALSE,FALSE,FALSE,TRUE,FALSE,TRUE,FALSE,FALSE,NA,"Ie21",2
"772",FALSE,FALSE,FALSE,TRUE,FALSE,FALSE,FALSE,FALSE,NA,"Ie22",1
"773",FALSE,FALSE,FALSE,TRUE,FALSE,FALSE,FALSE,FALSE,NA,"Ie23",1
"774",FALSE,FALSE,FALSE,TRUE,FALSE,FALSE,FALSE,FALSE,NA,"Ie24",1
"775",FALSE,FALSE,FALSE,TRUE,FALSE,FALSE,FALSE,FALSE,NA,"Ie25",1
"776",FALSE,FALSE,FALSE,TRUE,FALSE,FALSE,FALSE,FALSE,NA,"Ie26",1
"777",FALSE,FALSE,FALSE,TRUE,FALSE,FALSE,FALSE,FALSE,NA,"Ie27",1
"778",FALSE,FALSE,FALSE,TRUE,FALSE,FALSE,FALSE,FALSE,NA,"Ie28",1
"779",FALSE,FALSE,FALSE,TRUE,FALSE,TRUE,FALSE,FALSE,NA,"Ie29",2
"780",FALSE,FALSE,FALSE,TRUE,FALSE,FALSE,FALSE,FALSE,NA,"Ie3",1
"781",TRUE,FALSE,FALSE,FALSE,FALSE,FALSE,FALSE,FALSE,NA,"Ie30",1
"782",FALSE,FALSE,FALSE,TRUE,FALSE,FALSE,FALSE,FALSE,NA,"Ie31",1
"783",FALSE,FALSE,FALSE,TRUE,FALSE,TRUE,FALSE,FALSE,NA,"Ie32",2
"784",TRUE,FALSE,FALSE,TRUE,FALSE,FALSE,FALSE,FALSE,NA,"Ie33",2
"785",TRUE,FALSE,FALSE,NA,FALSE,FALSE,FALSE,FALSE,NA,"Ie34",NA
"786",FALSE,FALSE,FALSE,TRUE,FALSE,TRUE,FALSE,FALSE,NA,"Ie35",2
"787",TRUE,FALSE,FALSE,FALSE,FALSE,FALSE,FALSE,FALSE,NA,"Ie36",1
"788",FALSE,FALSE,NA,NA,FALSE,FALSE,FALSE,FALSE,NA,"Ie37",NA
"789",FALSE,FALSE,FALSE,TRUE,FALSE,FALSE,FALSE,FALSE,NA,"Ie38",1
"790",FALSE,FALSE,FALSE,TRUE,FALSE,FALSE,FALSE,FALSE,NA,"Ie39",1
"791",FALSE,FALSE,FALSE,TRUE,FALSE,FALSE,FALSE,FALSE,NA,"Ie4",1
"792",FALSE,FALSE,FALSE,TRUE,FALSE,FALSE,FALSE,FALSE,NA,"Ie5",1
"793",FALSE,TRUE,FALSE,TRUE,FALSE,TRUE,FALSE,FALSE,NA,"Ie6",3
"794",FALSE,FALSE,FALSE,TRUE,FALSE,FALSE,FALSE,FALSE,NA,"Ie7",1
"795",TRUE,FALSE,FALSE,TRUE,FALSE,FALSE,FALSE,FALSE,NA,"Ie8",2
"796",FALSE,FALSE,FALSE,TRUE,FALSE,FALSE,FALSE,FALSE,NA,"Ie9",1
"797",FALSE,FALSE,FALSE,TRUE,FALSE,TRUE,FALSE,FALSE,NA,"If1",2
"798",FALSE,FALSE,NA,NA,FALSE,NA,FALSE,FALSE,NA,"If10",NA
"799",FALSE,FALSE,FALSE,TRUE,FALSE,TRUE,FALSE,FALSE,NA,"If11",2
"800",FALSE,FALSE,FALSE,TRUE,FALSE,TRUE,FALSE,FALSE,NA,"If12",2
"801",FALSE,FALSE,TRUE,FALSE,FALSE,FALSE,FALSE,FALSE,NA,"If13",1
"802",FALSE,FALSE,FALSE,TRUE,FALSE,TRUE,FALSE,FALSE,NA,"If14",2
"803",FALSE,FALSE,FALSE,TRUE,FALSE,TRUE,FALSE,FALSE,NA,"If15",2
"804",FALSE,FALSE,FALSE,TRUE,FALSE,TRUE,FALSE,FALSE,NA,"If16",2
"805",FALSE,FALSE,FALSE,TRUE,FALSE,TRUE,FALSE,FALSE,NA,"If17",2
"806",FALSE,FALSE,FALSE,TRUE,FALSE,TRUE,FALSE,FALSE,NA,"If2",2
"807",FALSE,FALSE,FALSE,TRUE,FALSE,TRUE,FALSE,FALSE,NA,"If3",2
"808",FALSE,FALSE,FALSE,TRUE,FALSE,TRUE,FALSE,FALSE,NA,"If4",2
"809",FALSE,FALSE,FALSE,TRUE,FALSE,TRUE,FALSE,FALSE,NA,"If5",2
"810",FALSE,FALSE,FALSE,TRUE,FALSE,TRUE,FALSE,FALSE,NA,"If6",2
"811",FALSE,FALSE,FALSE,TRUE,FALSE,TRUE,FALSE,FALSE,NA,"If7",2
"812",FALSE,FALSE,FALSE,TRUE,FALSE,FALSE,FALSE,FALSE,NA,"If8",1
"813",FALSE,FALSE,FALSE,TRUE,FALSE,TRUE,FALSE,FALSE,NA,"If9",2
"814",FALSE,FALSE,FALSE,TRUE,FALSE,FALSE,FALSE,FALSE,NA,"Ig1",1
"815",FALSE,FALSE,FALSE,TRUE,FALSE,FALSE,FALSE,FALSE,NA,"Ig10",1
"816",FALSE,FALSE,FALSE,TRUE,FALSE,TRUE,FALSE,FALSE,NA,"Ig11",2
"817",FALSE,FALSE,FALSE,TRUE,FALSE,FALSE,FALSE,FALSE,NA,"Ig12",1
"818",FALSE,FALSE,TRUE,FALSE,FALSE,FALSE,FALSE,FALSE,NA,"Ig13",1
"819",FALSE,FALSE,FALSE,TRUE,FALSE,TRUE,FALSE,FALSE,NA,"Ig14",2
"820",FALSE,FALSE,NA,NA,FALSE,FALSE,FALSE,FALSE,NA,"Ig15",NA
"821",FALSE,FALSE,NA,NA,FALSE,NA,FALSE,FALSE,NA,"Ig16",NA
"822",FALSE,TRUE,FALSE,NA,FALSE,NA,FALSE,FALSE,NA,"Ig17",NA
"823",FALSE,FALSE,NA,NA,FALSE,NA,FALSE,FALSE,NA,"Ig18",NA
"824",FALSE,FALSE,NA,NA,FALSE,NA,FALSE,FALSE,NA,"Ig19",NA
"825",FALSE,FALSE,FALSE,TRUE,FALSE,TRUE,FALSE,FALSE,NA,"Ig2",2
"826",FALSE,FALSE,FALSE,TRUE,FALSE,TRUE,FALSE,FALSE,NA,"Ig20",2
"827",FALSE,FALSE,FALSE,TRUE,FALSE,TRUE,FALSE,FALSE,NA,"Ig21",2
"828",FALSE,FALSE,FALSE,TRUE,FALSE,FALSE,FALSE,FALSE,NA,"Ig3",1
"829",FALSE,FALSE,FALSE,TRUE,FALSE,TRUE,FALSE,FALSE,NA,"Ig4",2
"830",FALSE,FALSE,FALSE,TRUE,FALSE,TRUE,FALSE,FALSE,NA,"Ig5",2
"831",FALSE,FALSE,FALSE,TRUE,FALSE,TRUE,FALSE,FALSE,NA,"Ig6",2
"832",FALSE,FALSE,FALSE,TRUE,FALSE,FALSE,FALSE,FALSE,NA,"Ig7",1
"833",FALSE,FALSE,NA,NA,FALSE,FALSE,FALSE,FALSE,NA,"Ig8",NA
"834",FALSE,TRUE,FALSE,FALSE,FALSE,FALSE,FALSE,FALSE,NA,"Ig9",1
"835",FALSE,FALSE,FALSE,TRUE,FALSE,TRUE,FALSE,FALSE,NA,"Ih1",2
"836",FALSE,FALSE,FALSE,TRUE,FALSE,FALSE,FALSE,FALSE,NA,"Ih10",1
"837",FALSE,FALSE,NA,NA,FALSE,NA,FALSE,FALSE,NA,"Ih11",NA
"838",FALSE,FALSE,NA,NA,FALSE,NA,FALSE,FALSE,NA,"Ih12",NA
"839",FALSE,FALSE,NA,NA,FALSE,FALSE,FALSE,FALSE,NA,"Ih13",NA
"840",FALSE,FALSE,FALSE,TRUE,FALSE,TRUE,FALSE,FALSE,NA,"Ih14",2
"841",FALSE,FALSE,FALSE,TRUE,FALSE,TRUE,FALSE,FALSE,NA,"Ih2",2
"842",FALSE,FALSE,FALSE,TRUE,FALSE,FALSE,FALSE,FALSE,NA,"Ih3",1
"843",FALSE,FALSE,FALSE,TRUE,FALSE,TRUE,FALSE,FALSE,NA,"Ih4",2
"844",FALSE,FALSE,FALSE,TRUE,FALSE,FALSE,FALSE,FALSE,NA,"Ih5",1
"845",FALSE,FALSE,FALSE,TRUE,FALSE,FALSE,FALSE,FALSE,NA,"Ih6",1
"846",FALSE,FALSE,FALSE,TRUE,FALSE,TRUE,FALSE,FALSE,NA,"Ih7",2
"847",FALSE,FALSE,FALSE,TRUE,FALSE,TRUE,FALSE,FALSE,NA,"Ih8",2
"848",FALSE,FALSE,FALSE,TRUE,FALSE,TRUE,FALSE,FALSE,NA,"Ih9",2
"849",FALSE,FALSE,FALSE,TRUE,FALSE,TRUE,FALSE,FALSE,NA,"Ii1",2
"850",FALSE,FALSE,TRUE,FALSE,FALSE,FALSE,FALSE,FALSE,NA,"Ii10",1
"851",FALSE,FALSE,FALSE,TRUE,FALSE,TRUE,FALSE,FALSE,NA,"Ii12",2
"852",FALSE,FALSE,FALSE,TRUE,FALSE,TRUE,FALSE,FALSE,NA,"Ii13",2
"853",FALSE,FALSE,FALSE,TRUE,FALSE,TRUE,FALSE,FALSE,NA,"Ii14",2
"854",FALSE,FALSE,TRUE,FALSE,FALSE,FALSE,FALSE,FALSE,NA,"Ii2",1
"855",FALSE,FALSE,FALSE,TRUE,FALSE,TRUE,FALSE,FALSE,NA,"Ii3",2
"856",FALSE,FALSE,FALSE,TRUE,FALSE,TRUE,FALSE,FALSE,NA,"Ii4",2
"857",FALSE,FALSE,TRUE,FALSE,FALSE,FALSE,FALSE,FALSE,NA,"Ii5",1
"858",FALSE,FALSE,TRUE,FALSE,FALSE,FALSE,FALSE,FALSE,NA,"Ii6",1
"859",FALSE,FALSE,FALSE,TRUE,FALSE,TRUE,FALSE,FALSE,NA,"Ii7",2
"860",FALSE,FALSE,FALSE,TRUE,FALSE,TRUE,FALSE,FALSE,NA,"Ii8",2
"861",FALSE,FALSE,TRUE,FALSE,FALSE,FALSE,FALSE,FALSE,NA,"Ii9",1
"862",FALSE,FALSE,TRUE,FALSE,FALSE,FALSE,FALSE,FALSE,NA,"Ij1",1
"863",FALSE,FALSE,TRUE,FALSE,FALSE,FALSE,FALSE,FALSE,NA,"Ij10",1
"864",FALSE,FALSE,TRUE,FALSE,FALSE,FALSE,FALSE,FALSE,NA,"Ij2",1
"865",FALSE,FALSE,FALSE,TRUE,FALSE,TRUE,FALSE,FALSE,NA,"Ij3",2
"866",FALSE,FALSE,TRUE,FALSE,FALSE,FALSE,FALSE,FALSE,NA,"Ij4",1
"867",FALSE,FALSE,TRUE,FALSE,FALSE,FALSE,FALSE,FALSE,NA,"Ij5",1
"868",FALSE,FALSE,FALSE,TRUE,FALSE,FALSE,FALSE,FALSE,NA,"Ij6",1
"869",FALSE,FALSE,TRUE,FALSE,FALSE,FALSE,FALSE,FALSE,NA,"Ij7",1
"870",FALSE,FALSE,FALSE,TRUE,FALSE,TRUE,FALSE,FALSE,NA,"Ij8",2
"871",FALSE,FALSE,TRUE,FALSE,FALSE,FALSE,FALSE,FALSE,NA,"Ij9",1
"872",FALSE,TRUE,FALSE,FALSE,FALSE,FALSE,FALSE,FALSE,NA,"Na1",1
"873",FALSE,TRUE,FALSE,FALSE,FALSE,FALSE,FALSE,FALSE,NA,"Na10",1
"874",FALSE,TRUE,FALSE,FALSE,FALSE,FALSE,FALSE,FALSE,NA,"Na11",1
"875",FALSE,TRUE,FALSE,FALSE,FALSE,FALSE,FALSE,FALSE,NA,"Na12",1
"876",FALSE,TRUE,FALSE,FALSE,FALSE,FALSE,FALSE,FALSE,NA,"Na13",1
"877",FALSE,TRUE,FALSE,FALSE,FALSE,FALSE,FALSE,FALSE,NA,"Na14",1
"878",FALSE,TRUE,FALSE,FALSE,FALSE,FALSE,FALSE,FALSE,NA,"Na15",1
"879",FALSE,TRUE,FALSE,FALSE,FALSE,FALSE,FALSE,FALSE,NA,"Na16",1
"880",FALSE,TRUE,FALSE,FALSE,FALSE,FALSE,FALSE,FALSE,NA,"Na17",1
"881",FALSE,TRUE,FALSE,FALSE,FALSE,FALSE,FALSE,FALSE,NA,"Na19",1
"882",FALSE,TRUE,FALSE,FALSE,FALSE,FALSE,FALSE,FALSE,NA,"Na2",1
"883",FALSE,TRUE,FALSE,FALSE,FALSE,FALSE,FALSE,FALSE,NA,"Na20",1
"884",FALSE,TRUE,FALSE,FALSE,FALSE,FALSE,FALSE,FALSE,NA,"Na21",1
"885",FALSE,TRUE,FALSE,FALSE,FALSE,FALSE,FALSE,FALSE,NA,"Na22",1
"886",FALSE,TRUE,FALSE,FALSE,FALSE,FALSE,FALSE,FALSE,NA,"Na23",1
"887",FALSE,TRUE,FALSE,FALSE,FALSE,FALSE,FALSE,FALSE,NA,"Na24",1
"888",FALSE,TRUE,FALSE,FALSE,FALSE,FALSE,FALSE,FALSE,NA,"Na25",1
"889",FALSE,TRUE,FALSE,FALSE,FALSE,FALSE,FALSE,FALSE,NA,"Na26",1
"890",FALSE,TRUE,FALSE,FALSE,FALSE,FALSE,FALSE,FALSE,NA,"Na27",1
"891",FALSE,TRUE,FALSE,FALSE,FALSE,FALSE,FALSE,FALSE,NA,"Na28",1
"892",FALSE,TRUE,FALSE,FALSE,FALSE,FALSE,FALSE,FALSE,NA,"Na29",1
"893",FALSE,TRUE,FALSE,FALSE,FALSE,FALSE,FALSE,FALSE,NA,"Na3",1
"894",FALSE,TRUE,FALSE,FALSE,FALSE,FALSE,FALSE,FALSE,NA,"Na30",1
"895",FALSE,TRUE,FALSE,FALSE,FALSE,FALSE,FALSE,FALSE,NA,"Na31",1
"896",FALSE,TRUE,FALSE,FALSE,FALSE,FALSE,FALSE,FALSE,NA,"Na32",1
"897",FALSE,TRUE,FALSE,FALSE,FALSE,FALSE,FALSE,FALSE,NA,"Na33",1
"898",FALSE,TRUE,FALSE,FALSE,FALSE,FALSE,FALSE,FALSE,NA,"Na34",1
"899",FALSE,TRUE,FALSE,FALSE,FALSE,FALSE,FALSE,FALSE,NA,"Na35",1
"900",FALSE,TRUE,FALSE,FALSE,FALSE,FALSE,FALSE,FALSE,NA,"Na36",1
"901",FALSE,TRUE,FALSE,FALSE,FALSE,FALSE,FALSE,FALSE,NA,"Na37",1
"902",FALSE,TRUE,FALSE,FALSE,FALSE,FALSE,FALSE,FALSE,NA,"Na38",1
"903",FALSE,TRUE,FALSE,FALSE,FALSE,FALSE,FALSE,FALSE,NA,"Na39",1
"904",FALSE,TRUE,FALSE,FALSE,FALSE,FALSE,FALSE,FALSE,NA,"Na4",1
"905",FALSE,TRUE,FALSE,FALSE,FALSE,FALSE,FALSE,FALSE,NA,"Na40",1
"906",FALSE,TRUE,FALSE,FALSE,FALSE,FALSE,FALSE,FALSE,NA,"Na41",1
"907",FALSE,TRUE,FALSE,FALSE,FALSE,FALSE,FALSE,FALSE,NA,"Na42",1
"908",FALSE,TRUE,FALSE,FALSE,FALSE,FALSE,FALSE,FALSE,NA,"Na43",1
"909",FALSE,TRUE,FALSE,FALSE,FALSE,FALSE,FALSE,FALSE,NA,"Na44",1
"910",FALSE,TRUE,FALSE,FALSE,FALSE,FALSE,FALSE,FALSE,NA,"Na45",1
"911",FALSE,TRUE,FALSE,FALSE,FALSE,FALSE,FALSE,FALSE,NA,"Na5",1
"912",FALSE,TRUE,FALSE,FALSE,FALSE,FALSE,FALSE,FALSE,NA,"Na6",1
"913",FALSE,TRUE,FALSE,FALSE,FALSE,FALSE,FALSE,FALSE,NA,"Na7",1
"914",FALSE,TRUE,FALSE,FALSE,FALSE,FALSE,FALSE,FALSE,NA,"Na8",1
"915",FALSE,TRUE,FALSE,FALSE,FALSE,FALSE,FALSE,FALSE,NA,"Na9",1
"916",FALSE,TRUE,FALSE,FALSE,FALSE,FALSE,FALSE,FALSE,NA,"Nb1",1
"917",FALSE,TRUE,FALSE,FALSE,FALSE,FALSE,FALSE,FALSE,NA,"Nb10",1
"918",FALSE,TRUE,FALSE,FALSE,FALSE,FALSE,FALSE,FALSE,NA,"Nb11",1
"919",FALSE,TRUE,FALSE,FALSE,FALSE,FALSE,FALSE,FALSE,NA,"Nb12",1
"920",FALSE,TRUE,FALSE,FALSE,FALSE,FALSE,FALSE,FALSE,NA,"Nb13",1
"921",FALSE,TRUE,FALSE,FALSE,FALSE,FALSE,FALSE,FALSE,NA,"Nb14",1
"922",FALSE,TRUE,FALSE,FALSE,FALSE,FALSE,FALSE,FALSE,NA,"Nb15",1
"923",FALSE,TRUE,FALSE,FALSE,FALSE,FALSE,FALSE,FALSE,NA,"Nb16",1
"924",FALSE,TRUE,FALSE,FALSE,FALSE,FALSE,FALSE,FALSE,NA,"Nb17",1
"925",FALSE,TRUE,FALSE,FALSE,FALSE,FALSE,FALSE,FALSE,NA,"Nb18",1
"926",FALSE,TRUE,FALSE,FALSE,FALSE,FALSE,FALSE,FALSE,NA,"Nb19",1
"927",FALSE,TRUE,FALSE,FALSE,FALSE,FALSE,FALSE,FALSE,NA,"Nb2",1
"928",FALSE,TRUE,FALSE,FALSE,FALSE,FALSE,FALSE,FALSE,NA,"Nb20",1
"929",FALSE,TRUE,FALSE,FALSE,FALSE,FALSE,FALSE,FALSE,NA,"Nb21",1
"930",FALSE,TRUE,FALSE,FALSE,FALSE,FALSE,FALSE,FALSE,NA,"Nb22",1
"931",FALSE,TRUE,FALSE,FALSE,FALSE,FALSE,FALSE,FALSE,NA,"Nb23",1
"932",FALSE,TRUE,FALSE,FALSE,FALSE,FALSE,FALSE,FALSE,NA,"Nb24",1
"933",FALSE,TRUE,FALSE,FALSE,FALSE,FALSE,FALSE,FALSE,NA,"Nb25",1
"934",FALSE,TRUE,FALSE,FALSE,FALSE,FALSE,FALSE,FALSE,NA,"Nb26",1
"935",FALSE,TRUE,FALSE,FALSE,FALSE,FALSE,FALSE,FALSE,NA,"Nb27",1
"936",FALSE,TRUE,FALSE,FALSE,FALSE,FALSE,FALSE,FALSE,NA,"Nb28",1
"937",FALSE,TRUE,FALSE,FALSE,FALSE,FALSE,FALSE,FALSE,NA,"Nb29",1
"938",FALSE,TRUE,FALSE,FALSE,FALSE,FALSE,FALSE,FALSE,NA,"Nb3",1
"939",TRUE,FALSE,FALSE,FALSE,FALSE,FALSE,FALSE,FALSE,NA,"Nb30",1
"940",FALSE,TRUE,FALSE,FALSE,FALSE,FALSE,FALSE,FALSE,NA,"Nb31",1
"941",TRUE,FALSE,FALSE,FALSE,FALSE,FALSE,FALSE,FALSE,NA,"Nb32",1
"942",TRUE,FALSE,FALSE,FALSE,FALSE,FALSE,FALSE,FALSE,NA,"Nb33",1
"943",TRUE,FALSE,FALSE,FALSE,FALSE,FALSE,FALSE,FALSE,NA,"Nb34",1
"944",TRUE,FALSE,FALSE,FALSE,FALSE,FALSE,FALSE,FALSE,NA,"Nb35",1
"945",TRUE,FALSE,FALSE,FALSE,FALSE,FALSE,FALSE,FALSE,NA,"Nb36",1
"946",FALSE,TRUE,FALSE,FALSE,FALSE,FALSE,FALSE,FALSE,NA,"Nb37",1
"947",FALSE,TRUE,FALSE,FALSE,FALSE,FALSE,FALSE,FALSE,NA,"Nb38",1
"948",TRUE,FALSE,FALSE,FALSE,FALSE,FALSE,FALSE,FALSE,NA,"Nb39",1
"949",TRUE,FALSE,FALSE,FALSE,FALSE,FALSE,FALSE,FALSE,NA,"Nb4",1
"950",FALSE,TRUE,FALSE,FALSE,FALSE,FALSE,FALSE,FALSE,NA,"Nb5",1
"951",TRUE,FALSE,FALSE,FALSE,FALSE,FALSE,FALSE,FALSE,NA,"Nb6",1
"952",FALSE,TRUE,FALSE,FALSE,FALSE,FALSE,FALSE,FALSE,NA,"Nb7",1
"953",FALSE,TRUE,FALSE,FALSE,FALSE,FALSE,FALSE,FALSE,NA,"Nb8",1
"954",FALSE,TRUE,FALSE,FALSE,FALSE,FALSE,FALSE,FALSE,NA,"Nb9",1
"955",TRUE,FALSE,FALSE,FALSE,FALSE,FALSE,FALSE,FALSE,NA,"Nc1",1
"956",FALSE,TRUE,FALSE,FALSE,FALSE,FALSE,FALSE,FALSE,NA,"Nc10",1
"957",TRUE,FALSE,FALSE,FALSE,FALSE,FALSE,FALSE,FALSE,NA,"Nc11",1
"958",TRUE,FALSE,FALSE,FALSE,FALSE,FALSE,FALSE,FALSE,NA,"Nc12",1
"959",TRUE,FALSE,FALSE,FALSE,FALSE,FALSE,FALSE,FALSE,NA,"Nc13",1
"960",FALSE,TRUE,FALSE,FALSE,FALSE,FALSE,FALSE,FALSE,NA,"Nc14",1
"961",TRUE,FALSE,FALSE,FALSE,FALSE,FALSE,FALSE,FALSE,NA,"Nc15",1
"962",TRUE,FALSE,FALSE,FALSE,FALSE,FALSE,FALSE,FALSE,NA,"Nc16",1
"963",TRUE,FALSE,FALSE,FALSE,FALSE,FALSE,FALSE,FALSE,NA,"Nc17",1
"964",TRUE,FALSE,FALSE,FALSE,FALSE,FALSE,FALSE,FALSE,NA,"Nc18",1
"965",TRUE,FALSE,FALSE,FALSE,FALSE,FALSE,FALSE,FALSE,NA,"Nc19",1
"966",TRUE,FALSE,FALSE,FALSE,FALSE,FALSE,FALSE,FALSE,NA,"Nc2",1
"967",TRUE,FALSE,FALSE,FALSE,FALSE,FALSE,FALSE,FALSE,NA,"Nc20",1
"968",TRUE,FALSE,FALSE,FALSE,FALSE,FALSE,FALSE,FALSE,NA,"Nc21",1
"969",TRUE,FALSE,FALSE,FALSE,FALSE,FALSE,FALSE,FALSE,NA,"Nc22",1
"970",TRUE,FALSE,FALSE,FALSE,FALSE,FALSE,FALSE,FALSE,NA,"Nc23",1
"971",TRUE,FALSE,FALSE,FALSE,FALSE,FALSE,FALSE,FALSE,NA,"Nc24",1
"972",TRUE,FALSE,FALSE,FALSE,FALSE,FALSE,FALSE,FALSE,NA,"Nc25",1
"973",TRUE,FALSE,FALSE,FALSE,FALSE,FALSE,FALSE,FALSE,NA,"Nc26",1
"974",TRUE,FALSE,FALSE,FALSE,FALSE,FALSE,FALSE,FALSE,NA,"Nc27",1
"975",TRUE,FALSE,FALSE,FALSE,FALSE,FALSE,FALSE,FALSE,NA,"Nc28",1
"976",TRUE,FALSE,FALSE,FALSE,FALSE,FALSE,FALSE,FALSE,NA,"Nc29",1
"977",TRUE,FALSE,FALSE,FALSE,FALSE,FALSE,FALSE,FALSE,NA,"Nc3",1
"978",TRUE,FALSE,FALSE,FALSE,FALSE,FALSE,FALSE,FALSE,NA,"Nc30",1
"979",TRUE,FALSE,FALSE,FALSE,FALSE,FALSE,FALSE,FALSE,NA,"Nc31",1
"980",TRUE,FALSE,FALSE,FALSE,FALSE,FALSE,FALSE,FALSE,NA,"Nc32",1
"981",TRUE,FALSE,FALSE,FALSE,FALSE,FALSE,FALSE,FALSE,NA,"Nc33",1
"982",TRUE,FALSE,FALSE,FALSE,FALSE,FALSE,FALSE,FALSE,NA,"Nc34",1
"983",TRUE,FALSE,FALSE,FALSE,FALSE,FALSE,FALSE,FALSE,NA,"Nc4",1
"984",TRUE,FALSE,FALSE,FALSE,FALSE,FALSE,FALSE,FALSE,NA,"Nc5",1
"985",TRUE,FALSE,FALSE,FALSE,FALSE,FALSE,FALSE,FALSE,NA,"Nc6",1
"986",TRUE,FALSE,FALSE,FALSE,FALSE,FALSE,FALSE,FALSE,NA,"Nc7",1
"987",FALSE,TRUE,FALSE,FALSE,FALSE,FALSE,FALSE,FALSE,NA,"Nc8",1
"988",TRUE,FALSE,FALSE,FALSE,FALSE,FALSE,FALSE,FALSE,NA,"Nc9",1
"989",FALSE,TRUE,FALSE,FALSE,FALSE,FALSE,FALSE,FALSE,NA,"Nd1",1
"990",FALSE,TRUE,FALSE,FALSE,FALSE,FALSE,FALSE,FALSE,NA,"Nd10",1
"991",FALSE,TRUE,FALSE,FALSE,FALSE,FALSE,FALSE,FALSE,NA,"Nd11",1
"992",FALSE,TRUE,FALSE,FALSE,FALSE,FALSE,FALSE,FALSE,NA,"Nd12",1
"993",FALSE,TRUE,FALSE,FALSE,FALSE,FALSE,FALSE,FALSE,NA,"Nd13",1
"994",FALSE,TRUE,FALSE,FALSE,FALSE,FALSE,FALSE,FALSE,NA,"Nd14",1
"995",FALSE,TRUE,FALSE,FALSE,FALSE,FALSE,FALSE,FALSE,NA,"Nd15",1
"996",FALSE,TRUE,FALSE,FALSE,FALSE,FALSE,FALSE,FALSE,NA,"Nd16",1
"997",FALSE,TRUE,FALSE,FALSE,FALSE,FALSE,FALSE,FALSE,NA,"Nd17",1
"998",FALSE,TRUE,FALSE,FALSE,FALSE,FALSE,FALSE,FALSE,NA,"Nd18",1
"999",FALSE,TRUE,FALSE,FALSE,FALSE,FALSE,FALSE,FALSE,NA,"Nd19",1
"1000",FALSE,TRUE,FALSE,FALSE,FALSE,FALSE,FALSE,FALSE,NA,"Nd2",1
"1001",FALSE,TRUE,FALSE,FALSE,FALSE,FALSE,FALSE,FALSE,NA,"Nd20",1
"1002",TRUE,FALSE,FALSE,FALSE,FALSE,FALSE,FALSE,FALSE,NA,"Nd21",1
"1003",TRUE,FALSE,FALSE,FALSE,FALSE,FALSE,FALSE,FALSE,NA,"Nd22",1
"1004",TRUE,FALSE,FALSE,FALSE,FALSE,FALSE,FALSE,FALSE,NA,"Nd23",1
"1005",TRUE,FALSE,FALSE,FALSE,FALSE,FALSE,FALSE,FALSE,NA,"Nd24",1
"1006",TRUE,FALSE,FALSE,FALSE,FALSE,FALSE,FALSE,FALSE,NA,"Nd25",1
"1007",TRUE,FALSE,FALSE,FALSE,FALSE,FALSE,FALSE,FALSE,NA,"Nd26",1
"1008",TRUE,FALSE,FALSE,FALSE,FALSE,FALSE,FALSE,FALSE,NA,"Nd27",1
"1009",TRUE,FALSE,FALSE,FALSE,FALSE,FALSE,FALSE,FALSE,NA,"Nd28",1
"1010",TRUE,FALSE,FALSE,FALSE,FALSE,FALSE,FALSE,FALSE,NA,"Nd29",1
"1011",FALSE,FALSE,TRUE,FALSE,FALSE,FALSE,FALSE,FALSE,NA,"Nd3",1
"1012",TRUE,FALSE,FALSE,FALSE,FALSE,FALSE,FALSE,FALSE,NA,"Nd30",1
"1013",TRUE,FALSE,FALSE,FALSE,FALSE,FALSE,FALSE,FALSE,NA,"Nd31",1
"1014",TRUE,FALSE,FALSE,FALSE,FALSE,FALSE,FALSE,FALSE,NA,"Nd32",1
"1015",TRUE,FALSE,FALSE,FALSE,FALSE,FALSE,FALSE,FALSE,NA,"Nd33",1
"1016",TRUE,FALSE,FALSE,FALSE,FALSE,FALSE,FALSE,FALSE,NA,"Nd34",1
"1017",TRUE,FALSE,FALSE,FALSE,FALSE,FALSE,FALSE,FALSE,NA,"Nd35",1
"1018",TRUE,FALSE,FALSE,FALSE,FALSE,FALSE,FALSE,FALSE,NA,"Nd36",1
"1019",TRUE,FALSE,FALSE,FALSE,FALSE,FALSE,FALSE,FALSE,NA,"Nd37",1
"1020",TRUE,FALSE,FALSE,FALSE,FALSE,FALSE,FALSE,FALSE,NA,"Nd38",1
"1021",TRUE,FALSE,FALSE,FALSE,FALSE,FALSE,FALSE,FALSE,NA,"Nd39",1
"1022",FALSE,TRUE,FALSE,FALSE,FALSE,FALSE,FALSE,FALSE,NA,"Nd4",1
"1023",TRUE,FALSE,FALSE,FALSE,FALSE,FALSE,FALSE,FALSE,NA,"Nd40",1
"1024",TRUE,FALSE,FALSE,FALSE,FALSE,FALSE,FALSE,FALSE,NA,"Nd41",1
"1025",TRUE,FALSE,FALSE,FALSE,FALSE,FALSE,FALSE,FALSE,NA,"Nd42",1
"1026",TRUE,FALSE,FALSE,FALSE,FALSE,FALSE,FALSE,FALSE,NA,"Nd43",1
"1027",FALSE,TRUE,FALSE,FALSE,FALSE,FALSE,FALSE,FALSE,NA,"Nd44",1
"1028",FALSE,TRUE,FALSE,FALSE,FALSE,FALSE,FALSE,FALSE,NA,"Nd45",1
"1029",FALSE,TRUE,FALSE,FALSE,FALSE,FALSE,FALSE,FALSE,NA,"Nd46",1
"1030",FALSE,TRUE,FALSE,FALSE,FALSE,FALSE,FALSE,FALSE,NA,"Nd47",1
"1031",TRUE,FALSE,FALSE,FALSE,FALSE,FALSE,FALSE,FALSE,NA,"Nd48",1
"1032",TRUE,FALSE,FALSE,FALSE,FALSE,FALSE,FALSE,FALSE,NA,"Nd49",1
"1033",TRUE,FALSE,FALSE,FALSE,FALSE,FALSE,FALSE,FALSE,NA,"Nd5",1
"1034",TRUE,FALSE,FALSE,FALSE,FALSE,FALSE,FALSE,FALSE,NA,"Nd50",1
"1035",TRUE,FALSE,FALSE,FALSE,FALSE,FALSE,FALSE,FALSE,NA,"Nd51",1
"1036",TRUE,FALSE,FALSE,FALSE,FALSE,FALSE,FALSE,FALSE,NA,"Nd52",1
"1037",TRUE,FALSE,FALSE,FALSE,FALSE,FALSE,FALSE,FALSE,NA,"Nd53",1
"1038",TRUE,FALSE,FALSE,FALSE,FALSE,FALSE,FALSE,FALSE,NA,"Nd54",1
"1039",TRUE,FALSE,FALSE,FALSE,FALSE,FALSE,FALSE,FALSE,NA,"Nd55",1
"1040",TRUE,FALSE,FALSE,TRUE,FALSE,FALSE,FALSE,FALSE,NA,"Nd56",2
"1041",FALSE,TRUE,FALSE,FALSE,FALSE,FALSE,FALSE,FALSE,NA,"Nd57",1
"1042",FALSE,TRUE,FALSE,FALSE,FALSE,FALSE,FALSE,FALSE,NA,"Nd58",1
"1043",FALSE,TRUE,FALSE,FALSE,FALSE,FALSE,FALSE,FALSE,NA,"Nd59",1
"1044",TRUE,FALSE,FALSE,FALSE,FALSE,FALSE,FALSE,FALSE,NA,"Nd6",1
"1045",FALSE,TRUE,FALSE,FALSE,FALSE,FALSE,FALSE,FALSE,NA,"Nd60",1
"1046",FALSE,TRUE,FALSE,FALSE,FALSE,FALSE,FALSE,FALSE,NA,"Nd61",1
"1047",FALSE,TRUE,FALSE,FALSE,FALSE,FALSE,FALSE,FALSE,NA,"Nd62",1
"1048",FALSE,TRUE,FALSE,FALSE,FALSE,FALSE,FALSE,FALSE,NA,"Nd63",1
"1049",FALSE,TRUE,FALSE,FALSE,FALSE,FALSE,FALSE,FALSE,NA,"Nd64",1
"1050",TRUE,FALSE,FALSE,FALSE,FALSE,FALSE,FALSE,FALSE,NA,"Nd65",1
"1051",TRUE,FALSE,FALSE,FALSE,FALSE,FALSE,FALSE,FALSE,NA,"Nd66",1
"1052",TRUE,FALSE,FALSE,FALSE,FALSE,FALSE,FALSE,FALSE,NA,"Nd67",1
"1053",FALSE,TRUE,FALSE,FALSE,FALSE,FALSE,FALSE,FALSE,NA,"Nd7",1
"1054",FALSE,TRUE,FALSE,FALSE,FALSE,FALSE,FALSE,FALSE,NA,"Nd8",1
"1055",FALSE,TRUE,FALSE,FALSE,FALSE,FALSE,FALSE,FALSE,NA,"Nd9",1
"1056",FALSE,TRUE,FALSE,FALSE,FALSE,FALSE,FALSE,FALSE,NA,"Ne1",1
"1057",FALSE,FALSE,FALSE,TRUE,FALSE,FALSE,FALSE,FALSE,NA,"Ne10",1
"1058",FALSE,TRUE,FALSE,FALSE,FALSE,FALSE,FALSE,FALSE,NA,"Ne11",1
"1059",FALSE,TRUE,FALSE,FALSE,FALSE,FALSE,FALSE,FALSE,NA,"Ne12",1
"1060",FALSE,TRUE,FALSE,FALSE,FALSE,FALSE,FALSE,FALSE,NA,"Ne13",1
"1061",FALSE,TRUE,FALSE,FALSE,FALSE,FALSE,FALSE,FALSE,NA,"Ne14",1
"1062",FALSE,FALSE,FALSE,TRUE,FALSE,FALSE,FALSE,FALSE,NA,"Ne15",1
"1063",FALSE,TRUE,FALSE,FALSE,FALSE,FALSE,FALSE,FALSE,NA,"Ne16",1
"1064",FALSE,TRUE,FALSE,FALSE,FALSE,FALSE,FALSE,FALSE,NA,"Ne17",1
"1065",FALSE,TRUE,FALSE,FALSE,FALSE,FALSE,FALSE,FALSE,NA,"Ne18",1
"1066",FALSE,TRUE,FALSE,FALSE,FALSE,FALSE,FALSE,FALSE,NA,"Ne19",1
"1067",FALSE,TRUE,FALSE,FALSE,FALSE,FALSE,FALSE,FALSE,NA,"Ne2",1
"1068",FALSE,TRUE,FALSE,FALSE,FALSE,FALSE,FALSE,FALSE,NA,"Ne20",1
"1069",FALSE,TRUE,FALSE,FALSE,FALSE,FALSE,FALSE,FALSE,NA,"Ne21",1
"1070",FALSE,TRUE,FALSE,FALSE,FALSE,FALSE,FALSE,FALSE,NA,"Ne3",1
"1071",FALSE,TRUE,FALSE,FALSE,FALSE,FALSE,FALSE,FALSE,NA,"Ne4",1
"1072",FALSE,TRUE,FALSE,FALSE,FALSE,FALSE,FALSE,FALSE,NA,"Ne5",1
"1073",FALSE,FALSE,FALSE,TRUE,FALSE,FALSE,FALSE,FALSE,NA,"Ne6",1
"1074",FALSE,TRUE,FALSE,FALSE,FALSE,FALSE,FALSE,FALSE,NA,"Ne7",1
"1075",FALSE,TRUE,FALSE,FALSE,FALSE,FALSE,FALSE,FALSE,NA,"Ne8",1
"1076",FALSE,TRUE,FALSE,FALSE,FALSE,FALSE,FALSE,FALSE,NA,"Ne9",1
"1077",FALSE,FALSE,FALSE,TRUE,FALSE,FALSE,FALSE,FALSE,NA,"Nf10",1
"1078",FALSE,FALSE,FALSE,TRUE,FALSE,FALSE,FALSE,FALSE,NA,"Nf11",1
"1079",FALSE,TRUE,FALSE,TRUE,FALSE,FALSE,FALSE,FALSE,NA,"Nf12",2
"1080",FALSE,TRUE,FALSE,FALSE,FALSE,FALSE,FALSE,FALSE,NA,"Nf13",1
"1081",FALSE,FALSE,TRUE,FALSE,FALSE,FALSE,FALSE,FALSE,NA,"Nf14",1
"1082",FALSE,FALSE,NA,NA,FALSE,FALSE,FALSE,FALSE,NA,"Nf15",NA
"1083",FALSE,FALSE,TRUE,FALSE,FALSE,FALSE,FALSE,FALSE,NA,"Nf2",1
"1084",FALSE,FALSE,FALSE,TRUE,FALSE,FALSE,FALSE,FALSE,NA,"Nf3",1
"1085",FALSE,FALSE,TRUE,FALSE,FALSE,FALSE,FALSE,FALSE,NA,"Nf4",1
"1086",FALSE,FALSE,FALSE,TRUE,FALSE,FALSE,FALSE,FALSE,NA,"Nf5",1
"1087",FALSE,FALSE,FALSE,TRUE,FALSE,FALSE,FALSE,FALSE,NA,"Nf6",1
"1088",FALSE,FALSE,FALSE,TRUE,FALSE,FALSE,FALSE,FALSE,NA,"Nf7",1
"1089",FALSE,FALSE,TRUE,FALSE,FALSE,FALSE,FALSE,FALSE,NA,"Nf8",1
"1090",TRUE,FALSE,FALSE,FALSE,FALSE,FALSE,FALSE,FALSE,NA,"Nf9",1
"1091",FALSE,FALSE,TRUE,FALSE,FALSE,FALSE,FALSE,FALSE,NA,"Ng1",1
"1092",FALSE,FALSE,TRUE,FALSE,FALSE,FALSE,FALSE,FALSE,NA,"Ng10",1
"1093",FALSE,FALSE,TRUE,FALSE,FALSE,FALSE,FALSE,FALSE,NA,"Ng11",1
"1094",FALSE,FALSE,TRUE,FALSE,FALSE,FALSE,FALSE,FALSE,NA,"Ng12",1
"1095",FALSE,TRUE,FALSE,NA,FALSE,NA,FALSE,FALSE,NA,"Ng13",NA
"1096",FALSE,FALSE,NA,NA,FALSE,FALSE,FALSE,FALSE,NA,"Ng14",NA
"1097",FALSE,FALSE,NA,NA,FALSE,FALSE,FALSE,FALSE,NA,"Ng15",NA
"1098",NA,NA,NA,NA,NA,NA,FALSE,FALSE,NA,"Ng2",NA
"1099",FALSE,FALSE,TRUE,FALSE,FALSE,FALSE,FALSE,FALSE,NA,"Ng3",1
"1100",FALSE,TRUE,FALSE,NA,FALSE,FALSE,FALSE,FALSE,NA,"Ng4",NA
"1101",FALSE,FALSE,TRUE,FALSE,FALSE,FALSE,FALSE,FALSE,NA,"Ng5",1
"1102",FALSE,FALSE,TRUE,FALSE,FALSE,FALSE,FALSE,FALSE,NA,"Ng6",1
"1103",FALSE,FALSE,TRUE,FALSE,FALSE,FALSE,FALSE,FALSE,NA,"Ng7",1
"1104",FALSE,FALSE,TRUE,FALSE,FALSE,FALSE,FALSE,FALSE,NA,"Ng8",1
"1105",FALSE,FALSE,NA,NA,FALSE,FALSE,FALSE,FALSE,NA,"Ng9",NA
"1106",TRUE,FALSE,FALSE,FALSE,FALSE,FALSE,FALSE,FALSE,NA,"Nh1",1
"1107",FALSE,FALSE,FALSE,TRUE,FALSE,FALSE,FALSE,FALSE,NA,"Nh10",1
"1108",FALSE,FALSE,FALSE,TRUE,FALSE,FALSE,FALSE,FALSE,NA,"Nh11",1
"1109",FALSE,FALSE,FALSE,TRUE,FALSE,FALSE,FALSE,FALSE,NA,"Nh12",1
"1110",FALSE,FALSE,FALSE,TRUE,FALSE,FALSE,FALSE,FALSE,NA,"Nh13",1
"1111",FALSE,FALSE,NA,NA,FALSE,FALSE,FALSE,FALSE,NA,"Nh14",NA
"1112",TRUE,FALSE,FALSE,FALSE,FALSE,FALSE,FALSE,FALSE,NA,"Nh15",1
"1113",FALSE,TRUE,FALSE,TRUE,FALSE,FALSE,FALSE,FALSE,NA,"Nh16",2
"1114",FALSE,TRUE,FALSE,TRUE,FALSE,FALSE,FALSE,FALSE,NA,"Nh17",2
"1115",FALSE,FALSE,FALSE,TRUE,FALSE,FALSE,FALSE,FALSE,NA,"Nh18",1
"1116",FALSE,FALSE,FALSE,TRUE,FALSE,FALSE,FALSE,FALSE,NA,"Nh19",1
"1117",FALSE,FALSE,FALSE,TRUE,FALSE,FALSE,FALSE,FALSE,NA,"Nh2",1
"1118",FALSE,FALSE,TRUE,FALSE,FALSE,FALSE,FALSE,FALSE,NA,"Nh20",1
"1119",FALSE,FALSE,TRUE,FALSE,FALSE,FALSE,FALSE,FALSE,NA,"Nh21",1
"1120",FALSE,FALSE,TRUE,FALSE,FALSE,FALSE,FALSE,FALSE,NA,"Nh22",1
"1121",TRUE,FALSE,FALSE,FALSE,FALSE,FALSE,FALSE,FALSE,NA,"Nh23",1
"1122",TRUE,FALSE,FALSE,FALSE,FALSE,FALSE,FALSE,FALSE,NA,"Nh24",1
"1123",FALSE,FALSE,FALSE,TRUE,FALSE,FALSE,FALSE,FALSE,NA,"Nh25",1
"1124",FALSE,FALSE,NA,NA,FALSE,FALSE,FALSE,FALSE,NA,"Nh26",NA
"1125",FALSE,FALSE,NA,NA,FALSE,FALSE,FALSE,FALSE,NA,"Nh27",NA
"1126",FALSE,FALSE,FALSE,TRUE,FALSE,FALSE,FALSE,FALSE,NA,"Nh3",1
"1127",FALSE,FALSE,FALSE,TRUE,FALSE,FALSE,FALSE,FALSE,NA,"Nh4",1
"1128",TRUE,FALSE,FALSE,FALSE,FALSE,FALSE,FALSE,FALSE,NA,"Nh5",1
"1129",FALSE,FALSE,FALSE,TRUE,FALSE,FALSE,FALSE,FALSE,NA,"Nh6",1
"1130",FALSE,FALSE,FALSE,TRUE,FALSE,FALSE,FALSE,FALSE,NA,"Nh7",1
"1131",FALSE,FALSE,FALSE,TRUE,FALSE,FALSE,FALSE,FALSE,NA,"Nh8",1
"1132",FALSE,FALSE,NA,NA,FALSE,FALSE,FALSE,FALSE,NA,"Nh9",NA
"1133",FALSE,FALSE,FALSE,TRUE,FALSE,FALSE,FALSE,FALSE,NA,"Ni1",1
"1134",FALSE,FALSE,TRUE,FALSE,FALSE,FALSE,FALSE,FALSE,NA,"Ni2",1
"1135",FALSE,FALSE,FALSE,TRUE,FALSE,FALSE,FALSE,FALSE,NA,"Ni3",1
"1136",FALSE,TRUE,FALSE,FALSE,FALSE,FALSE,FALSE,FALSE,NA,"Ni4",1
"1137",TRUE,FALSE,FALSE,FALSE,FALSE,FALSE,FALSE,FALSE,NA,"Ni5",1
"1138",FALSE,FALSE,TRUE,FALSE,FALSE,FALSE,FALSE,FALSE,NA,"Ni6",1
"1139",FALSE,FALSE,TRUE,FALSE,FALSE,FALSE,FALSE,FALSE,NA,"Ni7",1
"1140",FALSE,FALSE,NA,NA,FALSE,FALSE,FALSE,FALSE,NA,"Ni8",NA
"1141",FALSE,FALSE,NA,NA,FALSE,FALSE,FALSE,FALSE,NA,"Ni9",NA
"1142",FALSE,FALSE,FALSE,TRUE,FALSE,FALSE,FALSE,FALSE,NA,"Nj1",1
"1143",FALSE,FALSE,NA,NA,FALSE,FALSE,FALSE,FALSE,NA,"Nj10",NA
"1144",FALSE,FALSE,NA,NA,FALSE,FALSE,FALSE,FALSE,NA,"Nj11",NA
"1145",FALSE,FALSE,NA,NA,FALSE,FALSE,FALSE,FALSE,NA,"Nj12",NA
"1146",FALSE,FALSE,NA,NA,FALSE,FALSE,FALSE,FALSE,NA,"Nj13",NA
"1147",FALSE,FALSE,NA,NA,FALSE,FALSE,FALSE,FALSE,NA,"Nj14",NA
"1148",FALSE,FALSE,TRUE,FALSE,FALSE,FALSE,FALSE,FALSE,NA,"Nj2",1
"1149",FALSE,FALSE,FALSE,TRUE,FALSE,FALSE,FALSE,FALSE,NA,"Nj3",1
"1150",FALSE,FALSE,FALSE,TRUE,FALSE,FALSE,FALSE,FALSE,NA,"Nj4",1
"1151",FALSE,FALSE,NA,NA,FALSE,FALSE,FALSE,FALSE,NA,"Nj5",NA
"1152",FALSE,FALSE,NA,NA,FALSE,NA,FALSE,FALSE,NA,"Nj6",NA
"1153",FALSE,FALSE,FALSE,TRUE,FALSE,FALSE,FALSE,FALSE,NA,"Nj7",1
"1154",FALSE,FALSE,TRUE,FALSE,FALSE,FALSE,FALSE,FALSE,NA,"Nj8",1
"1155",FALSE,FALSE,FALSE,TRUE,FALSE,FALSE,FALSE,FALSE,NA,"Nj9",1
"1156",FALSE,FALSE,FALSE,TRUE,FALSE,FALSE,FALSE,FALSE,NA,"Sa1",1
"1157",FALSE,FALSE,NA,NA,FALSE,FALSE,FALSE,FALSE,NA,"Sa10",NA
"1158",FALSE,FALSE,NA,NA,FALSE,FALSE,FALSE,FALSE,NA,"Sa11",NA
"1159",FALSE,FALSE,FALSE,TRUE,FALSE,FALSE,FALSE,FALSE,NA,"Sa12",1
"1160",FALSE,FALSE,FALSE,TRUE,FALSE,FALSE,FALSE,FALSE,NA,"Sa13",1
"1161",FALSE,FALSE,NA,NA,FALSE,NA,FALSE,FALSE,NA,"Sa14",NA
"1162",FALSE,FALSE,NA,NA,FALSE,FALSE,FALSE,FALSE,NA,"Sa15",NA
"1163",FALSE,FALSE,NA,NA,FALSE,FALSE,FALSE,FALSE,NA,"Sa16",NA
"1164",FALSE,FALSE,NA,NA,FALSE,FALSE,FALSE,FALSE,NA,"Sa17",NA
"1165",FALSE,FALSE,NA,NA,FALSE,FALSE,FALSE,FALSE,NA,"Sa2",NA
"1166",FALSE,FALSE,FALSE,TRUE,FALSE,FALSE,FALSE,FALSE,NA,"Sa3",1
"1167",FALSE,FALSE,TRUE,FALSE,FALSE,FALSE,FALSE,FALSE,NA,"Sa4",1
"1168",FALSE,FALSE,FALSE,TRUE,FALSE,FALSE,FALSE,FALSE,NA,"Sa5",1
"1169",FALSE,FALSE,TRUE,FALSE,FALSE,FALSE,FALSE,FALSE,NA,"Sa6",1
"1170",FALSE,FALSE,TRUE,FALSE,FALSE,FALSE,FALSE,FALSE,NA,"Sa7",1
"1171",FALSE,FALSE,FALSE,TRUE,FALSE,FALSE,FALSE,FALSE,NA,"Sa8",1
"1172",TRUE,FALSE,FALSE,TRUE,FALSE,FALSE,FALSE,FALSE,NA,"Sa9",2
"1173",FALSE,FALSE,TRUE,FALSE,FALSE,FALSE,FALSE,FALSE,NA,"Sb1",1
"1174",FALSE,FALSE,FALSE,TRUE,FALSE,FALSE,FALSE,FALSE,NA,"Sb2",1
"1175",TRUE,FALSE,FALSE,FALSE,FALSE,FALSE,FALSE,FALSE,NA,"Sb3",1
"1176",FALSE,FALSE,TRUE,FALSE,FALSE,FALSE,FALSE,FALSE,NA,"Sb4",1
"1177",FALSE,TRUE,FALSE,FALSE,FALSE,FALSE,FALSE,FALSE,NA,"Sb5",1
"1178",FALSE,FALSE,FALSE,FALSE,TRUE,FALSE,FALSE,FALSE,NA,"Sb6",1
"1179",FALSE,FALSE,TRUE,FALSE,FALSE,FALSE,FALSE,FALSE,NA,"Sb7",1
"1180",FALSE,FALSE,TRUE,FALSE,FALSE,FALSE,FALSE,FALSE,NA,"Sb8",1
"1181",FALSE,FALSE,FALSE,TRUE,FALSE,FALSE,FALSE,FALSE,NA,"Sb9",1
"1182",TRUE,FALSE,FALSE,FALSE,FALSE,FALSE,FALSE,FALSE,NA,"Sc1",1
"1183",FALSE,FALSE,TRUE,FALSE,FALSE,FALSE,FALSE,FALSE,NA,"Sc10",1
"1184",FALSE,FALSE,TRUE,FALSE,FALSE,FALSE,FALSE,FALSE,NA,"Sc11",1
"1185",FALSE,FALSE,TRUE,FALSE,FALSE,FALSE,FALSE,FALSE,NA,"Sc12",1
"1186",FALSE,FALSE,TRUE,FALSE,FALSE,FALSE,FALSE,FALSE,NA,"Sc13",1
"1187",FALSE,FALSE,NA,NA,FALSE,FALSE,FALSE,FALSE,NA,"Sc14",NA
"1188",FALSE,FALSE,TRUE,FALSE,FALSE,FALSE,FALSE,FALSE,NA,"Sc15",1
"1189",FALSE,FALSE,TRUE,FALSE,FALSE,FALSE,FALSE,FALSE,NA,"Sc16",1
"1190",FALSE,FALSE,TRUE,FALSE,FALSE,FALSE,FALSE,FALSE,NA,"Sc17",1
"1191",FALSE,FALSE,TRUE,FALSE,FALSE,FALSE,FALSE,FALSE,NA,"Sc18",1
"1192",FALSE,FALSE,FALSE,TRUE,FALSE,FALSE,FALSE,FALSE,NA,"Sc2",1
"1193",FALSE,FALSE,TRUE,FALSE,FALSE,FALSE,FALSE,FALSE,NA,"Sc3",1
"1194",FALSE,FALSE,TRUE,FALSE,FALSE,FALSE,FALSE,FALSE,NA,"Sc4",1
"1195",FALSE,FALSE,TRUE,FALSE,FALSE,FALSE,FALSE,FALSE,NA,"Sc5",1
"1196",FALSE,FALSE,TRUE,FALSE,FALSE,FALSE,FALSE,FALSE,NA,"Sc6",1
"1197",FALSE,FALSE,TRUE,FALSE,FALSE,FALSE,FALSE,FALSE,NA,"Sc7",1
"1198",FALSE,TRUE,FALSE,FALSE,FALSE,FALSE,FALSE,FALSE,NA,"Sc8",1
"1199",FALSE,FALSE,TRUE,FALSE,FALSE,FALSE,FALSE,FALSE,NA,"Sc9",1
"1200",FALSE,FALSE,TRUE,FALSE,FALSE,FALSE,FALSE,FALSE,NA,"Sd1",1
"1201",FALSE,FALSE,TRUE,FALSE,FALSE,FALSE,FALSE,FALSE,NA,"Sd2",1
"1202",FALSE,FALSE,TRUE,FALSE,FALSE,FALSE,FALSE,FALSE,NA,"Sd3",1
"1203",FALSE,TRUE,FALSE,FALSE,FALSE,FALSE,FALSE,FALSE,NA,"Sd4",1
"1204",FALSE,FALSE,TRUE,FALSE,FALSE,FALSE,FALSE,FALSE,NA,"Sd5",1
"1205",FALSE,TRUE,FALSE,FALSE,FALSE,FALSE,FALSE,FALSE,NA,"Sd6",1
"1206",FALSE,FALSE,TRUE,FALSE,FALSE,FALSE,FALSE,FALSE,NA,"Sd7",1
"1207",FALSE,TRUE,FALSE,FALSE,FALSE,FALSE,FALSE,FALSE,NA,"Sd8",1
"1208",FALSE,FALSE,TRUE,FALSE,FALSE,FALSE,FALSE,FALSE,NA,"Sd9",1
"1209",FALSE,TRUE,FALSE,FALSE,FALSE,FALSE,FALSE,FALSE,NA,"Se1",1
"1210",FALSE,FALSE,FALSE,TRUE,FALSE,FALSE,FALSE,FALSE,NA,"Se10",1
"1211",FALSE,FALSE,TRUE,FALSE,FALSE,FALSE,FALSE,FALSE,NA,"Se11",1
"1212",FALSE,FALSE,NA,NA,FALSE,NA,FALSE,FALSE,NA,"Se12",NA
"1213",FALSE,FALSE,TRUE,FALSE,FALSE,FALSE,FALSE,FALSE,NA,"Se2",1
"1214",FALSE,FALSE,FALSE,TRUE,FALSE,FALSE,FALSE,FALSE,NA,"Se3",1
"1215",FALSE,FALSE,TRUE,FALSE,FALSE,FALSE,FALSE,FALSE,NA,"Se4",1
"1216",FALSE,FALSE,FALSE,TRUE,FALSE,FALSE,FALSE,FALSE,NA,"Se5",1
"1217",FALSE,FALSE,TRUE,FALSE,FALSE,FALSE,FALSE,FALSE,NA,"Se6",1
"1218",FALSE,FALSE,NA,NA,FALSE,FALSE,FALSE,FALSE,NA,"Se7",NA
"1219",FALSE,FALSE,TRUE,FALSE,FALSE,FALSE,FALSE,FALSE,NA,"Se8",1
"1220",FALSE,TRUE,FALSE,FALSE,FALSE,FALSE,FALSE,FALSE,NA,"Se9",1
"1221",FALSE,FALSE,FALSE,TRUE,FALSE,FALSE,FALSE,FALSE,NA,"Sf1",1
"1222",FALSE,FALSE,FALSE,TRUE,FALSE,FALSE,FALSE,FALSE,NA,"Sf2",1
"1223",FALSE,FALSE,FALSE,TRUE,FALSE,FALSE,FALSE,FALSE,NA,"Sf3",1
"1224",FALSE,FALSE,TRUE,FALSE,FALSE,FALSE,FALSE,FALSE,NA,"Sf4",1
"1225",FALSE,FALSE,FALSE,TRUE,FALSE,FALSE,FALSE,FALSE,NA,"Sf5",1
"1226",FALSE,FALSE,TRUE,FALSE,FALSE,FALSE,FALSE,FALSE,NA,"Sf6",1
"1227",FALSE,FALSE,TRUE,FALSE,FALSE,FALSE,FALSE,FALSE,NA,"Sf7",1
"1228",FALSE,FALSE,NA,NA,FALSE,NA,FALSE,FALSE,NA,"Sf8",NA
"1229",FALSE,TRUE,FALSE,NA,FALSE,NA,FALSE,FALSE,NA,"Sf9",NA
"1230",FALSE,TRUE,FALSE,FALSE,FALSE,FALSE,FALSE,FALSE,NA,"Sg1",1
"1231",FALSE,FALSE,FALSE,TRUE,FALSE,FALSE,FALSE,FALSE,NA,"Sg2",1
"1232",FALSE,TRUE,FALSE,FALSE,FALSE,FALSE,FALSE,FALSE,NA,"Sg3",1
"1233",FALSE,TRUE,FALSE,FALSE,FALSE,FALSE,FALSE,FALSE,NA,"Sg4",1
"1234",FALSE,TRUE,FALSE,FALSE,FALSE,FALSE,FALSE,FALSE,NA,"Sg5",1
"1235",FALSE,TRUE,FALSE,FALSE,FALSE,FALSE,FALSE,FALSE,NA,"Sh1",1
"1236",FALSE,FALSE,FALSE,TRUE,FALSE,FALSE,FALSE,FALSE,NA,"Sh2",1
"1237",FALSE,TRUE,FALSE,FALSE,FALSE,FALSE,FALSE,FALSE,NA,"Sh3",1
"1238",FALSE,TRUE,FALSE,TRUE,FALSE,FALSE,FALSE,FALSE,NA,"Sh4",2
"1239",TRUE,FALSE,FALSE,FALSE,FALSE,FALSE,FALSE,FALSE,NA,"Sh5",1
"1240",TRUE,FALSE,FALSE,FALSE,FALSE,FALSE,FALSE,FALSE,NA,"Sh6",1
"1241",FALSE,FALSE,TRUE,FALSE,FALSE,FALSE,FALSE,FALSE,NA,"Sh7",1
"1242",FALSE,FALSE,FALSE,TRUE,FALSE,FALSE,FALSE,FALSE,NA,"Sh8",1
"1243",FALSE,TRUE,FALSE,FALSE,FALSE,FALSE,FALSE,FALSE,NA,"Sh9",1
"1244",FALSE,TRUE,FALSE,FALSE,FALSE,FALSE,FALSE,FALSE,NA,"Si1",1
"1245",FALSE,FALSE,TRUE,FALSE,FALSE,FALSE,FALSE,FALSE,NA,"Si10",1
"1246",FALSE,FALSE,TRUE,FALSE,FALSE,FALSE,FALSE,FALSE,NA,"Si2",1
"1247",FALSE,FALSE,TRUE,FALSE,FALSE,FALSE,FALSE,FALSE,NA,"Si3",1
"1248",TRUE,FALSE,FALSE,FALSE,FALSE,FALSE,FALSE,FALSE,NA,"Si4",1
"1249",FALSE,FALSE,TRUE,FALSE,FALSE,FALSE,FALSE,FALSE,NA,"Si5",1
"1250",TRUE,FALSE,FALSE,FALSE,FALSE,FALSE,FALSE,FALSE,NA,"Si6",1
"1251",FALSE,FALSE,TRUE,FALSE,FALSE,FALSE,FALSE,FALSE,NA,"Si7",1
"1252",FALSE,FALSE,TRUE,FALSE,FALSE,FALSE,FALSE,FALSE,NA,"Si8",1
"1253",FALSE,FALSE,NA,NA,FALSE,FALSE,FALSE,FALSE,NA,"Si9",NA
"1254",FALSE,TRUE,FALSE,FALSE,FALSE,FALSE,FALSE,FALSE,NA,"Sj1",1
"1255",FALSE,FALSE,TRUE,FALSE,FALSE,FALSE,FALSE,FALSE,NA,"Sj10",1
"1256",TRUE,FALSE,FALSE,FALSE,FALSE,FALSE,FALSE,FALSE,NA,"Sj11",1
"1257",FALSE,FALSE,TRUE,FALSE,FALSE,FALSE,FALSE,FALSE,NA,"Sj2",1
"1258",FALSE,TRUE,FALSE,FALSE,FALSE,FALSE,FALSE,FALSE,NA,"Sj3",1
"1259",FALSE,FALSE,FALSE,TRUE,FALSE,FALSE,FALSE,FALSE,NA,"Sj4",1
"1260",TRUE,FALSE,FALSE,FALSE,FALSE,FALSE,FALSE,FALSE,NA,"Sj5",1
"1261",FALSE,FALSE,FALSE,TRUE,FALSE,FALSE,FALSE,FALSE,NA,"Sj6",1
"1262",FALSE,FALSE,TRUE,FALSE,FALSE,FALSE,FALSE,FALSE,NA,"Sj7",1
"1263",FALSE,FALSE,TRUE,FALSE,FALSE,FALSE,FALSE,FALSE,NA,"Sj8",1
"1264",FALSE,FALSE,TRUE,FALSE,FALSE,FALSE,FALSE,FALSE,NA,"Sj9",1
"1265",FALSE,FALSE,FALSE,TRUE,FALSE,FALSE,FALSE,FALSE,NA,"ch12",1
"1266",FALSE,FALSE,TRUE,FALSE,FALSE,FALSE,FALSE,FALSE,NA,"ch13",1
"1267",FALSE,FALSE,FALSE,FALSE,FALSE,FALSE,TRUE,FALSE,NA,"ch14",1
"1268",FALSE,FALSE,FALSE,FALSE,FALSE,FALSE,TRUE,FALSE,NA,"ch15",1
"1269",FALSE,FALSE,FALSE,FALSE,FALSE,FALSE,TRUE,FALSE,NA,"ch16",1
"1270",FALSE,FALSE,FALSE,TRUE,FALSE,FALSE,FALSE,FALSE,NA,"ch17",1
"1271",FALSE,FALSE,FALSE,FALSE,FALSE,FALSE,TRUE,FALSE,NA,"ch18",1
"1272",FALSE,FALSE,FALSE,TRUE,FALSE,FALSE,FALSE,FALSE,NA,"ch19",1
"1273",FALSE,FALSE,TRUE,FALSE,FALSE,FALSE,FALSE,FALSE,NA,"ch20",1
"1274",FALSE,FALSE,FALSE,FALSE,FALSE,FALSE,TRUE,FALSE,NA,"ch21",1
"1275",FALSE,FALSE,FALSE,TRUE,FALSE,FALSE,FALSE,FALSE,NA,"ch22",1
"1276",FALSE,FALSE,FALSE,TRUE,FALSE,FALSE,FALSE,FALSE,NA,"ch23",1
"1277",FALSE,TRUE,FALSE,FALSE,FALSE,FALSE,TRUE,FALSE,NA,"ch24",2
"1278",FALSE,FALSE,FALSE,FALSE,FALSE,FALSE,TRUE,FALSE,NA,"ch25",1
"1279",FALSE,FALSE,FALSE,FALSE,FALSE,FALSE,TRUE,FALSE,NA,"ch26",1
"1280",FALSE,FALSE,FALSE,FALSE,FALSE,FALSE,TRUE,FALSE,NA,"ch27",1
"1281",FALSE,FALSE,FALSE,FALSE,FALSE,FALSE,TRUE,FALSE,NA,"ch28",1
"1282",FALSE,TRUE,FALSE,FALSE,FALSE,FALSE,FALSE,FALSE,NA,"ec12",1
"1283",FALSE,TRUE,FALSE,FALSE,FALSE,FALSE,FALSE,FALSE,NA,"ec13",1
"1284",FALSE,TRUE,FALSE,FALSE,FALSE,FALSE,FALSE,FALSE,NA,"ec14",1
"1285",FALSE,TRUE,FALSE,FALSE,FALSE,FALSE,FALSE,FALSE,NA,"ec15",1
"1286",FALSE,TRUE,FALSE,FALSE,FALSE,FALSE,FALSE,FALSE,NA,"ec16",1
"1287",FALSE,TRUE,FALSE,FALSE,FALSE,FALSE,FALSE,FALSE,NA,"ec17",1
"1288",FALSE,TRUE,FALSE,FALSE,FALSE,FALSE,FALSE,FALSE,NA,"ec18",1
"1289",FALSE,TRUE,FALSE,FALSE,FALSE,FALSE,FALSE,FALSE,NA,"ec19",1
"1290",FALSE,TRUE,FALSE,FALSE,FALSE,FALSE,FALSE,FALSE,NA,"ec20",1
"1291",FALSE,TRUE,FALSE,FALSE,FALSE,FALSE,FALSE,FALSE,NA,"ec21",1
