soc_id,Code_1,Code_2,Code_3,Code_4,Code_5,Code_6,Code_7,Code_8,Code_9,categories
Aa1,TRUE,FALSE,FALSE,FALSE,FALSE,FALSE,FALSE,FALSE,NA,1
Aa2,FALSE,TRUE,FALSE,FALSE,FALSE,FALSE,FALSE,FALSE,NA,1
Aa3,FALSE,FALSE,FALSE,FALSE,FALSE,FALSE,FALSE,FALSE,NA,0
Aa4,TRUE,FALSE,FALSE,FALSE,FALSE,FALSE,FALSE,FALSE,NA,1
Aa5,FALSE,TRUE,FALSE,FALSE,FALSE,FALSE,FALSE,FALSE,NA,1
Aa6,FALSE,FALSE,FALSE,TRUE,FALSE,FALSE,FALSE,FALSE,NA,1
Aa7,TRUE,FALSE,FALSE,FALSE,FALSE,FALSE,FALSE,FALSE,NA,1
Aa8,TRUE,FALSE,FALSE,FALSE,FALSE,FALSE,FALSE,FALSE,NA,1
Aa9,TRUE,FALSE,FALSE,FALSE,FALSE,FALSE,FALSE,FALSE,NA,1
Ab1,FALSE,FALSE,FALSE,FALSE,TRUE,FALSE,FALSE,FALSE,NA,1
Ab10,FALSE,FALSE,FALSE,TRUE,FALSE,FALSE,FALSE,FALSE,NA,1
Ab11,FALSE,FALSE,FALSE,TRUE,FALSE,FALSE,FALSE,FALSE,NA,1
Ab12,FALSE,FALSE,FALSE,TRUE,FALSE,FALSE,FALSE,FALSE,NA,1
Ab13,FALSE,FALSE,FALSE,TRUE,FALSE,FALSE,FALSE,FALSE,NA,1
Ab14,FALSE,FALSE,FALSE,TRUE,FALSE,FALSE,FALSE,FALSE,NA,1
Ab15,FALSE,FALSE,FALSE,TRUE,FALSE,FALSE,FALSE,FALSE,NA,1
Ab16,FALSE,FALSE,TRUE,TRUE,FALSE,FALSE,FALSE,FALSE,NA,2
Ab17,FALSE,FALSE,FALSE,NA,FALSE,FALSE,FALSE,FALSE,NA,NA
Ab18,FALSE,FALSE,FALSE,TRUE,FALSE,FALSE,FALSE,FALSE,NA,1
Ab19,FALSE,FALSE,FALSE,TRUE,FALSE,FALSE,FALSE,FALSE,NA,1
Ab2,FALSE,FALSE,FALSE,TRUE,FALSE,FALSE,FALSE,FALSE,NA,1
Ab20,FALSE,FALSE,FALSE,NA,FALSE,FALSE,FALSE,FALSE,NA,NA
Ab21a,FALSE,FALSE,TRUE,TRUE,FALSE,FALSE,FALSE,FALSE,NA,2
Ab21b,FALSE,FALSE,FALSE,NA,FALSE,FALSE,FALSE,FALSE,NA,NA
Ab22,FALSE,FALSE,FALSE,NA,FALSE,FALSE,FALSE,FALSE,NA,NA
Ab3,FALSE,FALSE,FALSE,FALSE,FALSE,FALSE,FALSE,FALSE,NA,0
Ab4,FALSE,FALSE,FALSE,TRUE,FALSE,FALSE,FALSE,FALSE,NA,1
Ab5,FALSE,FALSE,FALSE,TRUE,FALSE,FALSE,FALSE,FALSE,NA,1
Ab6,FALSE,FALSE,FALSE,TRUE,FALSE,FALSE,FALSE,FALSE,NA,1
Ab7,FALSE,FALSE,FALSE,FALSE,FALSE,FALSE,FALSE,FALSE,NA,0
Ab8,FALSE,FALSE,FALSE,TRUE,FALSE,FALSE,FALSE,FALSE,NA,1
Ab9,FALSE,FALSE,FALSE,TRUE,FALSE,FALSE,FALSE,FALSE,NA,1
Ac1,FALSE,FALSE,FALSE,TRUE,FALSE,FALSE,FALSE,FALSE,NA,1
Ac10,FALSE,FALSE,FALSE,TRUE,FALSE,FALSE,FALSE,FALSE,NA,1
Ac11,FALSE,FALSE,TRUE,TRUE,FALSE,FALSE,FALSE,FALSE,NA,2
Ac12,FALSE,FALSE,TRUE,TRUE,FALSE,FALSE,FALSE,FALSE,NA,2
Ac13,FALSE,FALSE,FALSE,FALSE,FALSE,FALSE,FALSE,FALSE,NA,0
Ac14,FALSE,FALSE,TRUE,TRUE,FALSE,FALSE,FALSE,FALSE,NA,2
Ac15,FALSE,FALSE,FALSE,NA,FALSE,FALSE,FALSE,FALSE,NA,NA
Ac16,FALSE,FALSE,TRUE,TRUE,FALSE,FALSE,FALSE,FALSE,NA,2
Ac17,FALSE,FALSE,TRUE,TRUE,FALSE,FALSE,FALSE,FALSE,NA,2
Ac18,FALSE,FALSE,TRUE,TRUE,FALSE,FALSE,FALSE,FALSE,NA,2
Ac19,FALSE,FALSE,TRUE,TRUE,FALSE,FALSE,FALSE,FALSE,NA,2
Ac2,FALSE,FALSE,TRUE,TRUE,FALSE,FALSE,FALSE,FALSE,NA,2
Ac20,FALSE,FALSE,TRUE,TRUE,FALSE,FALSE,FALSE,FALSE,NA,2
Ac21,FALSE,FALSE,TRUE,TRUE,FALSE,FALSE,FALSE,FALSE,NA,2
Ac22,FALSE,FALSE,TRUE,TRUE,FALSE,FALSE,FALSE,FALSE,NA,2
Ac23,FALSE,FALSE,TRUE,TRUE,FALSE,FALSE,FALSE,FALSE,NA,2
Ac24,FALSE,FALSE,TRUE,TRUE,FALSE,FALSE,FALSE,FALSE,NA,2
Ac25,FALSE,FALSE,TRUE,TRUE,FALSE,FALSE,FALSE,FALSE,NA,2
Ac26,FALSE,FALSE,TRUE,TRUE,FALSE,FALSE,FALSE,FALSE,NA,2
Ac27,FALSE,FALSE,TRUE,TRUE,FALSE,FALSE,FALSE,FALSE,NA,2
Ac28,FALSE,TRUE,FALSE,FALSE,FALSE,FALSE,FALSE,FALSE,NA,1
Ac29,FALSE,FALSE,FALSE,NA,FALSE,FALSE,FALSE,FALSE,NA,NA
Ac3,FALSE,FALSE,TRUE,TRUE,FALSE,FALSE,FALSE,FALSE,NA,2
Ac30,FALSE,FALSE,FALSE,TRUE,FALSE,FALSE,FALSE,FALSE,NA,1
Ac31,FALSE,FALSE,TRUE,TRUE,FALSE,FALSE,FALSE,FALSE,NA,2
Ac32,FALSE,FALSE,TRUE,FALSE,FALSE,FALSE,FALSE,FALSE,NA,1
Ac33,FALSE,FALSE,TRUE,TRUE,FALSE,FALSE,FALSE,FALSE,NA,2
Ac34,FALSE,FALSE,TRUE,TRUE,FALSE,FALSE,FALSE,FALSE,NA,2
Ac35,FALSE,FALSE,FALSE,NA,FALSE,NA,FALSE,FALSE,NA,NA
Ac36,FALSE,FALSE,TRUE,TRUE,FALSE,FALSE,FALSE,FALSE,NA,2
Ac37,FALSE,FALSE,TRUE,TRUE,FALSE,FALSE,FALSE,FALSE,NA,2
Ac38,FALSE,FALSE,TRUE,TRUE,FALSE,FALSE,FALSE,FALSE,NA,2
Ac39,FALSE,FALSE,FALSE,NA,FALSE,NA,FALSE,FALSE,NA,NA
Ac4,FALSE,FALSE,TRUE,TRUE,FALSE,FALSE,FALSE,FALSE,NA,2
Ac40,FALSE,FALSE,TRUE,TRUE,FALSE,FALSE,FALSE,FALSE,NA,2
Ac41,FALSE,FALSE,TRUE,TRUE,FALSE,FALSE,FALSE,FALSE,NA,2
Ac42,FALSE,FALSE,FALSE,NA,FALSE,FALSE,FALSE,FALSE,NA,NA
Ac43,FALSE,FALSE,FALSE,TRUE,FALSE,FALSE,FALSE,FALSE,NA,1
Ac5,FALSE,FALSE,TRUE,FALSE,FALSE,FALSE,FALSE,FALSE,NA,1
Ac6,FALSE,FALSE,TRUE,TRUE,FALSE,FALSE,FALSE,FALSE,NA,2
Ac7,FALSE,FALSE,TRUE,FALSE,FALSE,FALSE,FALSE,FALSE,NA,1
Ac8,FALSE,FALSE,TRUE,TRUE,FALSE,FALSE,FALSE,FALSE,NA,2
Ac9,FALSE,FALSE,FALSE,TRUE,FALSE,FALSE,FALSE,FALSE,NA,1
Ad1,FALSE,FALSE,FALSE,FALSE,FALSE,FALSE,FALSE,FALSE,NA,0
Ad10,FALSE,FALSE,FALSE,TRUE,FALSE,FALSE,FALSE,FALSE,NA,1
Ad11,FALSE,FALSE,FALSE,FALSE,FALSE,FALSE,FALSE,FALSE,NA,0
Ad12,FALSE,FALSE,FALSE,TRUE,FALSE,FALSE,FALSE,FALSE,NA,1
Ad13,FALSE,FALSE,FALSE,TRUE,FALSE,FALSE,FALSE,FALSE,NA,1
Ad14,FALSE,FALSE,TRUE,TRUE,FALSE,FALSE,FALSE,FALSE,NA,2
Ad15,FALSE,FALSE,TRUE,TRUE,FALSE,FALSE,FALSE,FALSE,NA,2
Ad16,FALSE,FALSE,FALSE,TRUE,FALSE,FALSE,FALSE,FALSE,NA,1
Ad17,FALSE,FALSE,FALSE,TRUE,FALSE,FALSE,FALSE,FALSE,NA,1
Ad18,FALSE,FALSE,TRUE,TRUE,FALSE,FALSE,FALSE,FALSE,NA,2
Ad19,FALSE,FALSE,FALSE,TRUE,FALSE,FALSE,FALSE,FALSE,NA,1
Ad2,FALSE,FALSE,FALSE,TRUE,FALSE,FALSE,FALSE,FALSE,NA,1
Ad20,FALSE,FALSE,FALSE,TRUE,FALSE,FALSE,FALSE,FALSE,NA,1
Ad21,FALSE,FALSE,TRUE,TRUE,FALSE,FALSE,FALSE,FALSE,NA,2
Ad22,FALSE,FALSE,FALSE,TRUE,FALSE,FALSE,FALSE,FALSE,NA,1
Ad23,FALSE,FALSE,FALSE,FALSE,FALSE,FALSE,FALSE,FALSE,NA,0
Ad24,FALSE,FALSE,FALSE,TRUE,FALSE,FALSE,FALSE,FALSE,NA,1
Ad25,FALSE,FALSE,FALSE,TRUE,FALSE,FALSE,FALSE,FALSE,NA,1
Ad26,FALSE,FALSE,FALSE,TRUE,FALSE,FALSE,FALSE,FALSE,NA,1
Ad27,FALSE,FALSE,TRUE,TRUE,FALSE,FALSE,FALSE,FALSE,NA,2
Ad28,FALSE,FALSE,FALSE,TRUE,FALSE,FALSE,FALSE,FALSE,NA,1
Ad29,FALSE,FALSE,FALSE,TRUE,FALSE,FALSE,FALSE,FALSE,NA,1
Ad3,FALSE,FALSE,FALSE,FALSE,FALSE,FALSE,FALSE,FALSE,NA,0
Ad30,FALSE,FALSE,TRUE,TRUE,FALSE,FALSE,FALSE,FALSE,NA,2
Ad31,FALSE,FALSE,FALSE,NA,FALSE,FALSE,FALSE,FALSE,NA,NA
Ad32,FALSE,FALSE,FALSE,TRUE,FALSE,FALSE,FALSE,FALSE,NA,1
Ad33,FALSE,FALSE,FALSE,FALSE,FALSE,FALSE,FALSE,FALSE,NA,0
Ad34,FALSE,FALSE,FALSE,TRUE,FALSE,FALSE,FALSE,FALSE,NA,1
Ad35,FALSE,FALSE,FALSE,TRUE,FALSE,FALSE,FALSE,FALSE,NA,1
Ad36,FALSE,FALSE,FALSE,TRUE,FALSE,FALSE,FALSE,FALSE,NA,1
Ad37,FALSE,FALSE,FALSE,TRUE,FALSE,FALSE,FALSE,FALSE,NA,1
Ad38,FALSE,FALSE,FALSE,TRUE,FALSE,FALSE,FALSE,FALSE,NA,1
Ad39,FALSE,FALSE,FALSE,FALSE,FALSE,FALSE,FALSE,FALSE,NA,0
Ad4,FALSE,FALSE,FALSE,TRUE,FALSE,FALSE,FALSE,FALSE,NA,1
Ad40,FALSE,FALSE,FALSE,TRUE,FALSE,FALSE,FALSE,FALSE,NA,1
Ad41,FALSE,FALSE,FALSE,TRUE,FALSE,FALSE,FALSE,FALSE,NA,1
Ad42,FALSE,FALSE,FALSE,TRUE,FALSE,FALSE,FALSE,FALSE,NA,1
Ad43,FALSE,FALSE,FALSE,FALSE,FALSE,FALSE,FALSE,FALSE,NA,0
Ad44,FALSE,FALSE,TRUE,TRUE,FALSE,FALSE,FALSE,FALSE,NA,2
Ad45,FALSE,FALSE,FALSE,TRUE,FALSE,FALSE,FALSE,FALSE,NA,1
Ad46,FALSE,FALSE,FALSE,TRUE,FALSE,FALSE,FALSE,FALSE,NA,1
Ad47,FALSE,FALSE,FALSE,TRUE,FALSE,FALSE,FALSE,FALSE,NA,1
Ad48,FALSE,FALSE,FALSE,TRUE,FALSE,FALSE,FALSE,FALSE,NA,1
Ad49,FALSE,FALSE,FALSE,TRUE,FALSE,FALSE,FALSE,FALSE,NA,1
Ad5,FALSE,FALSE,FALSE,FALSE,FALSE,FALSE,FALSE,FALSE,NA,0
Ad50,FALSE,FALSE,FALSE,TRUE,FALSE,FALSE,FALSE,FALSE,NA,1
Ad51,FALSE,FALSE,TRUE,TRUE,FALSE,FALSE,FALSE,FALSE,NA,2
Ad6,FALSE,FALSE,FALSE,TRUE,FALSE,FALSE,FALSE,FALSE,NA,1
Ad7,FALSE,FALSE,FALSE,TRUE,FALSE,FALSE,FALSE,FALSE,NA,1
Ad8,FALSE,FALSE,FALSE,TRUE,FALSE,FALSE,FALSE,FALSE,NA,1
Ad9,FALSE,FALSE,FALSE,TRUE,FALSE,FALSE,FALSE,FALSE,NA,1
Ae1,FALSE,FALSE,TRUE,TRUE,FALSE,FALSE,FALSE,FALSE,NA,2
Ae10,FALSE,FALSE,FALSE,TRUE,FALSE,FALSE,FALSE,FALSE,NA,1
Ae11,FALSE,TRUE,FALSE,FALSE,FALSE,FALSE,FALSE,FALSE,NA,1
Ae12,FALSE,FALSE,TRUE,TRUE,FALSE,FALSE,FALSE,FALSE,NA,2
Ae13,FALSE,FALSE,FALSE,NA,FALSE,FALSE,FALSE,FALSE,NA,NA
Ae14,FALSE,FALSE,FALSE,TRUE,FALSE,FALSE,FALSE,FALSE,NA,1
Ae15,FALSE,FALSE,FALSE,TRUE,FALSE,FALSE,FALSE,FALSE,NA,1
Ae16,FALSE,FALSE,FALSE,NA,FALSE,FALSE,FALSE,FALSE,NA,NA
Ae17,FALSE,FALSE,TRUE,TRUE,FALSE,FALSE,FALSE,FALSE,NA,2
Ae18,FALSE,FALSE,TRUE,TRUE,FALSE,FALSE,FALSE,FALSE,NA,2
Ae19,FALSE,FALSE,FALSE,NA,FALSE,FALSE,FALSE,FALSE,NA,NA
Ae2,FALSE,FALSE,FALSE,TRUE,FALSE,FALSE,FALSE,FALSE,NA,1
Ae20,FALSE,FALSE,TRUE,TRUE,FALSE,FALSE,FALSE,FALSE,NA,2
Ae21,FALSE,FALSE,TRUE,TRUE,FALSE,FALSE,FALSE,FALSE,NA,2
Ae22,FALSE,FALSE,TRUE,TRUE,FALSE,FALSE,FALSE,FALSE,NA,2
Ae23,FALSE,FALSE,FALSE,NA,FALSE,FALSE,FALSE,FALSE,NA,NA
Ae24,FALSE,FALSE,FALSE,NA,FALSE,FALSE,FALSE,FALSE,NA,NA
Ae25,FALSE,FALSE,FALSE,NA,FALSE,FALSE,FALSE,FALSE,NA,NA
Ae26,FALSE,FALSE,TRUE,TRUE,FALSE,FALSE,FALSE,FALSE,NA,2
Ae27,FALSE,FALSE,FALSE,FALSE,FALSE,FALSE,FALSE,FALSE,NA,0
Ae28,FALSE,FALSE,FALSE,FALSE,FALSE,FALSE,FALSE,FALSE,NA,0
Ae29,FALSE,TRUE,FALSE,FALSE,FALSE,FALSE,FALSE,FALSE,NA,1
Ae3,FALSE,FALSE,TRUE,TRUE,FALSE,FALSE,FALSE,FALSE,NA,2
Ae30,FALSE,FALSE,TRUE,TRUE,FALSE,FALSE,FALSE,FALSE,NA,2
Ae31,FALSE,FALSE,TRUE,FALSE,FALSE,FALSE,FALSE,FALSE,NA,1
Ae32,FALSE,FALSE,TRUE,TRUE,FALSE,FALSE,FALSE,FALSE,NA,2
Ae33,FALSE,FALSE,TRUE,TRUE,FALSE,FALSE,FALSE,FALSE,NA,2
Ae34,FALSE,FALSE,TRUE,TRUE,FALSE,FALSE,FALSE,FALSE,NA,2
Ae35,FALSE,FALSE,TRUE,TRUE,FALSE,FALSE,FALSE,FALSE,NA,2
Ae36,FALSE,FALSE,TRUE,FALSE,FALSE,FALSE,FALSE,FALSE,NA,1
Ae37,FALSE,FALSE,FALSE,NA,FALSE,FALSE,FALSE,FALSE,NA,NA
Ae38,FALSE,FALSE,TRUE,FALSE,FALSE,FALSE,FALSE,FALSE,NA,1
Ae39,FALSE,FALSE,TRUE,FALSE,FALSE,FALSE,FALSE,FALSE,NA,1
Ae4,FALSE,FALSE,TRUE,TRUE,FALSE,FALSE,FALSE,FALSE,NA,2
Ae40,FALSE,FALSE,TRUE,TRUE,FALSE,FALSE,FALSE,FALSE,NA,2
Ae41,FALSE,FALSE,TRUE,TRUE,FALSE,FALSE,FALSE,FALSE,NA,2
Ae42,FALSE,FALSE,TRUE,TRUE,FALSE,FALSE,FALSE,FALSE,NA,2
Ae43,FALSE,FALSE,TRUE,TRUE,FALSE,FALSE,FALSE,FALSE,NA,2
Ae44,FALSE,FALSE,TRUE,TRUE,FALSE,FALSE,FALSE,FALSE,NA,2
Ae45,FALSE,FALSE,FALSE,TRUE,FALSE,FALSE,FALSE,FALSE,NA,1
Ae46,FALSE,FALSE,TRUE,FALSE,FALSE,FALSE,FALSE,FALSE,NA,1
Ae47,FALSE,FALSE,TRUE,TRUE,FALSE,FALSE,FALSE,FALSE,NA,2
Ae48,FALSE,FALSE,TRUE,TRUE,FALSE,FALSE,FALSE,FALSE,NA,2
Ae49,FALSE,FALSE,FALSE,NA,FALSE,FALSE,FALSE,FALSE,NA,NA
Ae5,FALSE,FALSE,TRUE,FALSE,FALSE,FALSE,FALSE,FALSE,NA,1
Ae50,FALSE,FALSE,TRUE,TRUE,FALSE,FALSE,FALSE,FALSE,NA,2
Ae51,FALSE,FALSE,TRUE,TRUE,FALSE,FALSE,FALSE,FALSE,NA,2
Ae52,FALSE,FALSE,FALSE,NA,FALSE,FALSE,FALSE,FALSE,NA,NA
Ae53,FALSE,FALSE,FALSE,NA,FALSE,FALSE,FALSE,FALSE,NA,NA
Ae54,FALSE,FALSE,FALSE,NA,FALSE,FALSE,FALSE,FALSE,NA,NA
Ae55,FALSE,FALSE,TRUE,TRUE,FALSE,FALSE,FALSE,FALSE,NA,2
Ae56,FALSE,FALSE,TRUE,TRUE,FALSE,FALSE,FALSE,FALSE,NA,2
Ae57,FALSE,FALSE,TRUE,TRUE,FALSE,FALSE,FALSE,FALSE,NA,2
Ae58,FALSE,FALSE,TRUE,TRUE,FALSE,FALSE,FALSE,FALSE,NA,2
Ae59,FALSE,FALSE,FALSE,NA,FALSE,FALSE,FALSE,FALSE,NA,NA
Ae6,FALSE,FALSE,FALSE,FALSE,FALSE,FALSE,FALSE,FALSE,NA,0
Ae7,FALSE,FALSE,FALSE,TRUE,FALSE,FALSE,FALSE,FALSE,NA,1
Ae8,FALSE,FALSE,FALSE,TRUE,FALSE,FALSE,FALSE,FALSE,NA,1
Ae9,FALSE,FALSE,TRUE,TRUE,FALSE,FALSE,FALSE,FALSE,NA,2
Af1,FALSE,FALSE,TRUE,TRUE,FALSE,FALSE,FALSE,FALSE,NA,2
Af10,FALSE,FALSE,FALSE,TRUE,FALSE,FALSE,FALSE,FALSE,NA,1
Af11,FALSE,FALSE,FALSE,TRUE,FALSE,FALSE,FALSE,FALSE,NA,1
Af12,FALSE,FALSE,TRUE,TRUE,FALSE,FALSE,FALSE,FALSE,NA,2
Af13,FALSE,FALSE,FALSE,TRUE,FALSE,FALSE,FALSE,FALSE,NA,1
Af14,FALSE,FALSE,FALSE,TRUE,FALSE,FALSE,FALSE,FALSE,NA,1
Af15,FALSE,FALSE,FALSE,TRUE,FALSE,FALSE,FALSE,FALSE,NA,1
Af16,FALSE,FALSE,TRUE,TRUE,FALSE,FALSE,FALSE,FALSE,NA,2
Af17,FALSE,FALSE,FALSE,TRUE,FALSE,FALSE,FALSE,FALSE,NA,1
Af18,FALSE,FALSE,FALSE,TRUE,FALSE,FALSE,FALSE,FALSE,NA,1
Af19,FALSE,FALSE,FALSE,TRUE,FALSE,FALSE,FALSE,FALSE,NA,1
Af2,FALSE,FALSE,FALSE,TRUE,FALSE,FALSE,FALSE,FALSE,NA,1
Af20,FALSE,FALSE,FALSE,TRUE,FALSE,FALSE,FALSE,FALSE,NA,1
Af21,FALSE,FALSE,FALSE,TRUE,FALSE,FALSE,FALSE,FALSE,NA,1
Af22,FALSE,TRUE,FALSE,FALSE,FALSE,FALSE,FALSE,FALSE,NA,1
Af23,FALSE,FALSE,FALSE,TRUE,FALSE,FALSE,FALSE,FALSE,NA,1
Af24,FALSE,FALSE,TRUE,TRUE,FALSE,FALSE,FALSE,FALSE,NA,2
Af25,FALSE,FALSE,TRUE,TRUE,FALSE,FALSE,FALSE,FALSE,NA,2
Af26,FALSE,FALSE,FALSE,TRUE,FALSE,FALSE,FALSE,FALSE,NA,1
Af27,FALSE,FALSE,TRUE,TRUE,FALSE,FALSE,FALSE,FALSE,NA,2
Af28,FALSE,FALSE,FALSE,TRUE,FALSE,FALSE,FALSE,FALSE,NA,1
Af29,FALSE,FALSE,TRUE,TRUE,FALSE,FALSE,FALSE,FALSE,NA,2
Af3,FALSE,FALSE,TRUE,TRUE,FALSE,FALSE,FALSE,FALSE,NA,2
Af30,FALSE,FALSE,FALSE,TRUE,FALSE,FALSE,FALSE,FALSE,NA,1
Af31,FALSE,FALSE,FALSE,NA,FALSE,FALSE,FALSE,FALSE,NA,NA
Af32,FALSE,FALSE,TRUE,TRUE,FALSE,FALSE,FALSE,FALSE,NA,2
Af33,FALSE,FALSE,FALSE,TRUE,FALSE,FALSE,FALSE,FALSE,NA,1
Af34,FALSE,FALSE,TRUE,TRUE,FALSE,FALSE,FALSE,FALSE,NA,2
Af35,FALSE,FALSE,TRUE,TRUE,FALSE,FALSE,FALSE,FALSE,NA,2
Af36,FALSE,FALSE,TRUE,TRUE,FALSE,FALSE,FALSE,FALSE,NA,2
Af37,FALSE,FALSE,TRUE,TRUE,FALSE,FALSE,FALSE,FALSE,NA,2
Af38,FALSE,FALSE,TRUE,TRUE,FALSE,FALSE,FALSE,FALSE,NA,2
Af39,FALSE,FALSE,TRUE,TRUE,FALSE,FALSE,FALSE,FALSE,NA,2
Af4,FALSE,FALSE,FALSE,TRUE,FALSE,FALSE,FALSE,FALSE,NA,1
Af40,FALSE,FALSE,FALSE,TRUE,FALSE,FALSE,FALSE,FALSE,NA,1
Af41,FALSE,FALSE,FALSE,TRUE,FALSE,FALSE,FALSE,FALSE,NA,1
Af42,FALSE,FALSE,TRUE,TRUE,FALSE,FALSE,FALSE,FALSE,NA,2
Af43,FALSE,FALSE,FALSE,FALSE,FALSE,FALSE,FALSE,FALSE,NA,0
Af44,FALSE,TRUE,FALSE,FALSE,FALSE,FALSE,FALSE,FALSE,NA,1
Af45,FALSE,FALSE,FALSE,FALSE,FALSE,FALSE,FALSE,FALSE,NA,0
Af46,FALSE,FALSE,FALSE,TRUE,FALSE,FALSE,FALSE,FALSE,NA,1
Af47,FALSE,FALSE,FALSE,TRUE,FALSE,FALSE,FALSE,FALSE,NA,1
Af48,FALSE,FALSE,FALSE,TRUE,FALSE,FALSE,FALSE,FALSE,NA,1
Af49,FALSE,FALSE,FALSE,TRUE,FALSE,FALSE,FALSE,FALSE,NA,1
Af5,FALSE,FALSE,TRUE,TRUE,FALSE,FALSE,FALSE,FALSE,NA,2
Af50,FALSE,FALSE,TRUE,TRUE,FALSE,FALSE,FALSE,FALSE,NA,2
Af51,FALSE,FALSE,TRUE,TRUE,FALSE,FALSE,FALSE,FALSE,NA,2
Af52,FALSE,FALSE,FALSE,TRUE,FALSE,FALSE,FALSE,FALSE,NA,1
Af53,FALSE,FALSE,TRUE,TRUE,FALSE,FALSE,FALSE,FALSE,NA,2
Af54,FALSE,FALSE,FALSE,TRUE,FALSE,FALSE,FALSE,FALSE,NA,1
Af55,FALSE,FALSE,TRUE,TRUE,FALSE,FALSE,FALSE,FALSE,NA,2
Af56,FALSE,FALSE,FALSE,TRUE,FALSE,FALSE,FALSE,FALSE,NA,1
Af57,FALSE,FALSE,FALSE,TRUE,FALSE,FALSE,FALSE,FALSE,NA,1
Af58,FALSE,FALSE,FALSE,TRUE,FALSE,FALSE,FALSE,FALSE,NA,1
Af6,FALSE,FALSE,TRUE,TRUE,FALSE,FALSE,FALSE,FALSE,NA,2
Af7,FALSE,FALSE,TRUE,TRUE,FALSE,FALSE,FALSE,FALSE,NA,2
Af8,FALSE,FALSE,TRUE,TRUE,FALSE,FALSE,FALSE,FALSE,NA,2
Af9,FALSE,FALSE,TRUE,TRUE,FALSE,FALSE,FALSE,FALSE,NA,2
Ag1,FALSE,FALSE,FALSE,TRUE,FALSE,FALSE,FALSE,FALSE,NA,1
Ag10,FALSE,FALSE,FALSE,TRUE,FALSE,FALSE,FALSE,FALSE,NA,1
Ag11,FALSE,FALSE,FALSE,TRUE,FALSE,FALSE,FALSE,FALSE,NA,1
Ag12,FALSE,FALSE,FALSE,TRUE,FALSE,FALSE,FALSE,FALSE,NA,1
Ag13,FALSE,FALSE,FALSE,TRUE,FALSE,FALSE,FALSE,FALSE,NA,1
Ag14,FALSE,FALSE,FALSE,TRUE,FALSE,FALSE,FALSE,FALSE,NA,1
Ag15,FALSE,FALSE,FALSE,TRUE,FALSE,FALSE,FALSE,FALSE,NA,1
Ag16,FALSE,FALSE,TRUE,FALSE,FALSE,FALSE,FALSE,FALSE,NA,1
Ag17,FALSE,FALSE,TRUE,FALSE,FALSE,FALSE,FALSE,FALSE,NA,1
Ag18,FALSE,FALSE,FALSE,TRUE,FALSE,FALSE,FALSE,FALSE,NA,1
Ag19,FALSE,FALSE,FALSE,FALSE,FALSE,FALSE,FALSE,FALSE,NA,0
Ag2,FALSE,FALSE,FALSE,TRUE,FALSE,FALSE,FALSE,FALSE,NA,1
Ag20,FALSE,FALSE,FALSE,TRUE,FALSE,FALSE,FALSE,FALSE,NA,1
Ag21,FALSE,FALSE,FALSE,TRUE,FALSE,FALSE,FALSE,FALSE,NA,1
Ag22,FALSE,FALSE,FALSE,TRUE,FALSE,FALSE,FALSE,FALSE,NA,1
Ag23,FALSE,FALSE,FALSE,TRUE,FALSE,FALSE,FALSE,FALSE,NA,1
Ag24,FALSE,FALSE,FALSE,TRUE,FALSE,FALSE,FALSE,FALSE,NA,1
Ag25,FALSE,FALSE,FALSE,TRUE,FALSE,FALSE,FALSE,FALSE,NA,1
Ag26,FALSE,FALSE,FALSE,TRUE,FALSE,FALSE,FALSE,FALSE,NA,1
Ag27,FALSE,FALSE,TRUE,TRUE,FALSE,FALSE,FALSE,FALSE,NA,2
Ag28,FALSE,FALSE,FALSE,TRUE,FALSE,FALSE,FALSE,FALSE,NA,1
Ag29,FALSE,FALSE,FALSE,TRUE,FALSE,FALSE,FALSE,FALSE,NA,1
Ag3,FALSE,FALSE,FALSE,TRUE,FALSE,FALSE,FALSE,FALSE,NA,1
Ag30,FALSE,FALSE,TRUE,TRUE,FALSE,FALSE,FALSE,FALSE,NA,2
Ag31,FALSE,FALSE,TRUE,TRUE,FALSE,FALSE,FALSE,FALSE,NA,2
Ag32,FALSE,FALSE,FALSE,FALSE,FALSE,FALSE,FALSE,FALSE,NA,0
Ag33,FALSE,FALSE,FALSE,TRUE,FALSE,FALSE,FALSE,FALSE,NA,1
Ag34,FALSE,FALSE,FALSE,TRUE,FALSE,FALSE,FALSE,FALSE,NA,1
Ag35,FALSE,FALSE,TRUE,TRUE,FALSE,FALSE,FALSE,FALSE,NA,2
Ag36,FALSE,FALSE,FALSE,TRUE,FALSE,FALSE,FALSE,FALSE,NA,1
Ag37,FALSE,FALSE,FALSE,TRUE,FALSE,FALSE,FALSE,FALSE,NA,1
Ag38,FALSE,FALSE,FALSE,TRUE,FALSE,FALSE,FALSE,FALSE,NA,1
Ag39,FALSE,FALSE,FALSE,TRUE,FALSE,FALSE,FALSE,FALSE,NA,1
Ag4,FALSE,FALSE,FALSE,TRUE,FALSE,FALSE,FALSE,FALSE,NA,1
Ag40,FALSE,FALSE,FALSE,TRUE,FALSE,FALSE,FALSE,FALSE,NA,1
Ag41,FALSE,FALSE,FALSE,TRUE,FALSE,FALSE,FALSE,FALSE,NA,1
Ag42,FALSE,FALSE,FALSE,TRUE,FALSE,FALSE,FALSE,FALSE,NA,1
Ag43,FALSE,FALSE,TRUE,TRUE,FALSE,FALSE,FALSE,FALSE,NA,2
Ag44,FALSE,FALSE,TRUE,TRUE,FALSE,FALSE,FALSE,FALSE,NA,2
Ag45,FALSE,FALSE,FALSE,TRUE,FALSE,FALSE,FALSE,FALSE,NA,1
Ag46,FALSE,FALSE,FALSE,TRUE,FALSE,FALSE,FALSE,FALSE,NA,1
Ag47,FALSE,FALSE,FALSE,TRUE,FALSE,FALSE,FALSE,FALSE,NA,1
Ag48,FALSE,FALSE,FALSE,TRUE,FALSE,FALSE,FALSE,FALSE,NA,1
Ag49,FALSE,FALSE,FALSE,TRUE,FALSE,FALSE,FALSE,FALSE,NA,1
Ag5,FALSE,FALSE,FALSE,TRUE,FALSE,FALSE,FALSE,FALSE,NA,1
Ag50,FALSE,FALSE,FALSE,TRUE,FALSE,FALSE,FALSE,FALSE,NA,1
Ag51,FALSE,FALSE,FALSE,TRUE,FALSE,FALSE,FALSE,FALSE,NA,1
Ag52,FALSE,FALSE,FALSE,TRUE,FALSE,FALSE,FALSE,FALSE,NA,1
Ag53,FALSE,FALSE,FALSE,TRUE,FALSE,FALSE,FALSE,FALSE,NA,1
Ag54,FALSE,FALSE,FALSE,TRUE,FALSE,FALSE,FALSE,FALSE,NA,1
Ag6,FALSE,FALSE,FALSE,TRUE,FALSE,FALSE,FALSE,FALSE,NA,1
Ag7,FALSE,TRUE,FALSE,FALSE,FALSE,FALSE,FALSE,FALSE,NA,1
Ag8,FALSE,FALSE,FALSE,TRUE,FALSE,FALSE,FALSE,FALSE,NA,1
Ag9,FALSE,FALSE,FALSE,TRUE,FALSE,FALSE,FALSE,FALSE,NA,1
Ah1,FALSE,FALSE,FALSE,TRUE,FALSE,FALSE,FALSE,FALSE,NA,1
Ah10,FALSE,FALSE,TRUE,TRUE,FALSE,FALSE,FALSE,FALSE,NA,2
Ah11,FALSE,FALSE,TRUE,TRUE,FALSE,FALSE,FALSE,FALSE,NA,2
Ah12,FALSE,FALSE,TRUE,TRUE,FALSE,FALSE,FALSE,FALSE,NA,2
Ah13,FALSE,FALSE,TRUE,TRUE,FALSE,FALSE,FALSE,FALSE,NA,2
Ah14,FALSE,FALSE,FALSE,TRUE,FALSE,FALSE,FALSE,FALSE,NA,1
Ah15,FALSE,FALSE,FALSE,TRUE,FALSE,FALSE,FALSE,FALSE,NA,1
Ah16,FALSE,FALSE,FALSE,TRUE,FALSE,FALSE,FALSE,FALSE,NA,1
Ah17,FALSE,FALSE,TRUE,TRUE,FALSE,FALSE,FALSE,FALSE,NA,2
Ah18,FALSE,FALSE,FALSE,TRUE,FALSE,FALSE,FALSE,FALSE,NA,1
Ah19,FALSE,FALSE,FALSE,TRUE,FALSE,FALSE,FALSE,FALSE,NA,1
Ah2,FALSE,FALSE,TRUE,TRUE,FALSE,FALSE,FALSE,FALSE,NA,2
Ah20,FALSE,FALSE,FALSE,TRUE,FALSE,FALSE,FALSE,FALSE,NA,1
Ah21,FALSE,FALSE,FALSE,NA,FALSE,FALSE,FALSE,FALSE,NA,NA
Ah22,FALSE,FALSE,FALSE,NA,FALSE,FALSE,FALSE,FALSE,NA,NA
Ah23,FALSE,FALSE,FALSE,NA,FALSE,FALSE,FALSE,FALSE,NA,NA
Ah24,FALSE,FALSE,FALSE,NA,FALSE,FALSE,FALSE,FALSE,NA,NA
Ah25,FALSE,FALSE,TRUE,TRUE,FALSE,FALSE,FALSE,FALSE,NA,2
Ah26,FALSE,FALSE,TRUE,TRUE,FALSE,FALSE,FALSE,FALSE,NA,2
Ah27,FALSE,FALSE,TRUE,TRUE,FALSE,FALSE,FALSE,FALSE,NA,2
Ah28,FALSE,FALSE,TRUE,TRUE,FALSE,FALSE,FALSE,FALSE,NA,2
Ah29,FALSE,FALSE,TRUE,TRUE,FALSE,FALSE,FALSE,FALSE,NA,2
Ah3,FALSE,FALSE,TRUE,TRUE,FALSE,FALSE,FALSE,FALSE,NA,2
Ah30,FALSE,FALSE,FALSE,TRUE,FALSE,FALSE,FALSE,FALSE,NA,1
Ah31,FALSE,FALSE,FALSE,TRUE,FALSE,FALSE,FALSE,FALSE,NA,1
Ah32,FALSE,FALSE,FALSE,TRUE,FALSE,FALSE,FALSE,FALSE,NA,1
Ah33,FALSE,FALSE,FALSE,TRUE,FALSE,FALSE,FALSE,FALSE,NA,1
Ah34,FALSE,FALSE,FALSE,TRUE,FALSE,FALSE,FALSE,FALSE,NA,1
Ah35,FALSE,FALSE,FALSE,TRUE,FALSE,FALSE,FALSE,FALSE,NA,1
Ah36,FALSE,FALSE,FALSE,TRUE,FALSE,FALSE,FALSE,FALSE,NA,1
Ah37,FALSE,FALSE,FALSE,TRUE,FALSE,FALSE,FALSE,FALSE,NA,1
Ah38,FALSE,FALSE,FALSE,TRUE,FALSE,FALSE,FALSE,FALSE,NA,1
Ah39,FALSE,FALSE,FALSE,TRUE,FALSE,FALSE,FALSE,FALSE,NA,1
Ah4,FALSE,FALSE,FALSE,TRUE,FALSE,FALSE,FALSE,FALSE,NA,1
Ah5,FALSE,FALSE,FALSE,TRUE,FALSE,FALSE,FALSE,FALSE,NA,1
Ah6,FALSE,FALSE,TRUE,TRUE,FALSE,FALSE,FALSE,FALSE,NA,2
Ah7,FALSE,FALSE,FALSE,TRUE,FALSE,FALSE,FALSE,FALSE,NA,1
Ah8,FALSE,FALSE,TRUE,TRUE,FALSE,FALSE,FALSE,FALSE,NA,2
Ah9,FALSE,FALSE,TRUE,TRUE,FALSE,FALSE,FALSE,FALSE,NA,2
Ai1,FALSE,FALSE,TRUE,TRUE,FALSE,FALSE,FALSE,FALSE,NA,2
Ai10,FALSE,FALSE,FALSE,TRUE,FALSE,FALSE,FALSE,FALSE,NA,1
Ai11,FALSE,FALSE,TRUE,TRUE,FALSE,FALSE,FALSE,FALSE,NA,2
Ai12,FALSE,FALSE,TRUE,TRUE,FALSE,FALSE,FALSE,FALSE,NA,2
Ai13,FALSE,FALSE,TRUE,TRUE,FALSE,FALSE,FALSE,FALSE,NA,2
Ai14,FALSE,FALSE,FALSE,FALSE,FALSE,FALSE,FALSE,FALSE,NA,0
Ai15,FALSE,FALSE,FALSE,TRUE,FALSE,FALSE,FALSE,FALSE,NA,1
Ai16,FALSE,FALSE,FALSE,TRUE,FALSE,FALSE,FALSE,FALSE,NA,1
Ai17,FALSE,FALSE,TRUE,TRUE,FALSE,FALSE,FALSE,FALSE,NA,2
Ai18,FALSE,FALSE,FALSE,FALSE,FALSE,FALSE,FALSE,FALSE,NA,0
Ai19,FALSE,FALSE,FALSE,TRUE,FALSE,FALSE,FALSE,FALSE,NA,1
Ai2,FALSE,FALSE,FALSE,NA,FALSE,FALSE,FALSE,FALSE,NA,NA
Ai20,FALSE,FALSE,FALSE,TRUE,FALSE,FALSE,FALSE,FALSE,NA,1
Ai21,FALSE,FALSE,FALSE,TRUE,FALSE,FALSE,FALSE,FALSE,NA,1
Ai22,FALSE,FALSE,FALSE,TRUE,FALSE,FALSE,FALSE,FALSE,NA,1
Ai23,FALSE,FALSE,TRUE,TRUE,FALSE,FALSE,FALSE,FALSE,NA,2
Ai24,FALSE,FALSE,TRUE,TRUE,FALSE,FALSE,FALSE,FALSE,NA,2
Ai25,FALSE,FALSE,TRUE,TRUE,FALSE,FALSE,FALSE,FALSE,NA,2
Ai26,FALSE,FALSE,TRUE,TRUE,FALSE,FALSE,FALSE,FALSE,NA,2
Ai27,FALSE,FALSE,TRUE,TRUE,FALSE,FALSE,FALSE,FALSE,NA,2
Ai28,FALSE,FALSE,TRUE,TRUE,FALSE,FALSE,FALSE,FALSE,NA,2
Ai29,FALSE,FALSE,FALSE,TRUE,FALSE,FALSE,FALSE,FALSE,NA,1
Ai3,FALSE,FALSE,TRUE,FALSE,FALSE,FALSE,FALSE,FALSE,NA,1
Ai30,FALSE,FALSE,TRUE,TRUE,FALSE,FALSE,FALSE,FALSE,NA,2
Ai31,FALSE,FALSE,TRUE,TRUE,FALSE,FALSE,FALSE,FALSE,NA,2
Ai32,FALSE,FALSE,FALSE,TRUE,FALSE,FALSE,FALSE,FALSE,NA,1
Ai33,FALSE,FALSE,FALSE,FALSE,FALSE,FALSE,FALSE,FALSE,NA,0
Ai34,FALSE,FALSE,FALSE,TRUE,FALSE,FALSE,FALSE,FALSE,NA,1
Ai35,FALSE,FALSE,TRUE,TRUE,FALSE,FALSE,FALSE,FALSE,NA,2
Ai36,FALSE,FALSE,FALSE,TRUE,FALSE,FALSE,FALSE,FALSE,NA,1
Ai37,FALSE,FALSE,FALSE,TRUE,FALSE,FALSE,FALSE,FALSE,NA,1
Ai38,FALSE,FALSE,FALSE,TRUE,FALSE,FALSE,FALSE,FALSE,NA,1
Ai39,FALSE,FALSE,FALSE,TRUE,FALSE,FALSE,FALSE,FALSE,NA,1
Ai4,FALSE,FALSE,FALSE,TRUE,FALSE,FALSE,FALSE,FALSE,NA,1
Ai40,FALSE,FALSE,FALSE,TRUE,FALSE,FALSE,FALSE,FALSE,NA,1
Ai41,FALSE,FALSE,FALSE,TRUE,FALSE,FALSE,FALSE,FALSE,NA,1
Ai42,FALSE,FALSE,FALSE,TRUE,FALSE,FALSE,FALSE,FALSE,NA,1
Ai43,FALSE,FALSE,FALSE,TRUE,FALSE,FALSE,FALSE,FALSE,NA,1
Ai44,FALSE,FALSE,FALSE,TRUE,FALSE,FALSE,FALSE,FALSE,NA,1
Ai45,FALSE,FALSE,FALSE,TRUE,FALSE,FALSE,FALSE,FALSE,NA,1
Ai46,FALSE,FALSE,TRUE,TRUE,FALSE,FALSE,FALSE,FALSE,NA,2
Ai47,FALSE,FALSE,FALSE,TRUE,FALSE,FALSE,FALSE,FALSE,NA,1
Ai5,FALSE,FALSE,TRUE,TRUE,FALSE,FALSE,FALSE,FALSE,NA,2
Ai6,FALSE,FALSE,FALSE,TRUE,FALSE,FALSE,FALSE,FALSE,NA,1
Ai7,FALSE,FALSE,TRUE,TRUE,FALSE,FALSE,FALSE,FALSE,NA,2
Ai8,FALSE,FALSE,FALSE,TRUE,FALSE,FALSE,FALSE,FALSE,NA,1
Ai9,FALSE,FALSE,FALSE,FALSE,FALSE,FALSE,FALSE,FALSE,NA,0
Aj1,FALSE,FALSE,FALSE,TRUE,FALSE,FALSE,FALSE,FALSE,NA,1
Aj10,FALSE,FALSE,TRUE,TRUE,FALSE,FALSE,FALSE,FALSE,NA,2
Aj11,FALSE,FALSE,FALSE,FALSE,FALSE,FALSE,FALSE,FALSE,NA,0
Aj12,FALSE,FALSE,FALSE,FALSE,FALSE,FALSE,FALSE,FALSE,NA,0
Aj13,FALSE,FALSE,FALSE,TRUE,FALSE,FALSE,FALSE,FALSE,NA,1
Aj14,FALSE,FALSE,FALSE,TRUE,FALSE,FALSE,FALSE,FALSE,NA,1
Aj15,FALSE,FALSE,FALSE,TRUE,FALSE,FALSE,FALSE,FALSE,NA,1
Aj16,FALSE,FALSE,FALSE,TRUE,FALSE,FALSE,FALSE,FALSE,NA,1
Aj17,FALSE,FALSE,FALSE,TRUE,FALSE,FALSE,FALSE,FALSE,NA,1
Aj18,FALSE,FALSE,FALSE,FALSE,FALSE,FALSE,FALSE,FALSE,NA,0
Aj19,FALSE,FALSE,FALSE,FALSE,FALSE,FALSE,FALSE,FALSE,NA,0
Aj2,FALSE,FALSE,FALSE,FALSE,TRUE,FALSE,FALSE,FALSE,NA,1
Aj20,FALSE,FALSE,FALSE,TRUE,FALSE,FALSE,FALSE,FALSE,NA,1
Aj21,FALSE,FALSE,FALSE,TRUE,FALSE,FALSE,FALSE,FALSE,NA,1
Aj22,FALSE,FALSE,FALSE,TRUE,FALSE,FALSE,FALSE,FALSE,NA,1
Aj23,FALSE,FALSE,FALSE,FALSE,TRUE,FALSE,FALSE,FALSE,NA,1
Aj24,FALSE,FALSE,FALSE,FALSE,FALSE,FALSE,FALSE,FALSE,NA,0
Aj25,FALSE,FALSE,FALSE,FALSE,FALSE,FALSE,FALSE,FALSE,NA,0
Aj26,FALSE,FALSE,FALSE,TRUE,FALSE,FALSE,FALSE,FALSE,NA,1
Aj27,FALSE,FALSE,FALSE,FALSE,FALSE,FALSE,FALSE,FALSE,NA,0
Aj28,FALSE,FALSE,FALSE,FALSE,TRUE,FALSE,FALSE,FALSE,NA,1
Aj29,FALSE,FALSE,FALSE,FALSE,TRUE,FALSE,FALSE,FALSE,NA,1
Aj3,FALSE,FALSE,FALSE,FALSE,FALSE,FALSE,FALSE,FALSE,NA,0
Aj30,FALSE,FALSE,FALSE,FALSE,FALSE,FALSE,FALSE,FALSE,NA,0
Aj31,FALSE,FALSE,FALSE,NA,FALSE,FALSE,FALSE,FALSE,NA,NA
Aj4,FALSE,FALSE,FALSE,TRUE,FALSE,FALSE,FALSE,FALSE,NA,1
Aj5,FALSE,FALSE,FALSE,FALSE,FALSE,FALSE,FALSE,FALSE,NA,0
Aj6,FALSE,FALSE,FALSE,TRUE,FALSE,FALSE,FALSE,FALSE,NA,1
Aj7,FALSE,FALSE,FALSE,TRUE,FALSE,FALSE,FALSE,FALSE,NA,1
Aj8,FALSE,FALSE,FALSE,TRUE,FALSE,FALSE,FALSE,FALSE,NA,1
Aj9,FALSE,FALSE,FALSE,FALSE,FALSE,FALSE,FALSE,FALSE,NA,0
Ca1,FALSE,FALSE,FALSE,TRUE,FALSE,FALSE,FALSE,FALSE,NA,1
Ca10,FALSE,FALSE,FALSE,FALSE,TRUE,FALSE,FALSE,FALSE,NA,1
Ca11,FALSE,FALSE,FALSE,FALSE,FALSE,FALSE,FALSE,FALSE,NA,0
Ca12,FALSE,FALSE,FALSE,FALSE,FALSE,FALSE,TRUE,FALSE,NA,1
Ca13,FALSE,FALSE,FALSE,FALSE,FALSE,FALSE,TRUE,FALSE,NA,1
Ca14,FALSE,FALSE,FALSE,TRUE,FALSE,FALSE,FALSE,FALSE,NA,1
Ca15,FALSE,FALSE,FALSE,TRUE,FALSE,FALSE,FALSE,FALSE,NA,1
Ca16,FALSE,FALSE,FALSE,TRUE,FALSE,FALSE,FALSE,FALSE,NA,1
Ca17,FALSE,FALSE,FALSE,FALSE,FALSE,FALSE,FALSE,FALSE,NA,0
Ca18,FALSE,FALSE,FALSE,TRUE,FALSE,FALSE,FALSE,FALSE,NA,1
Ca19,FALSE,FALSE,FALSE,FALSE,FALSE,FALSE,FALSE,FALSE,NA,0
Ca2,FALSE,FALSE,FALSE,FALSE,TRUE,FALSE,FALSE,FALSE,NA,1
Ca20,FALSE,FALSE,FALSE,FALSE,FALSE,FALSE,FALSE,FALSE,NA,0
Ca21,FALSE,FALSE,FALSE,FALSE,FALSE,FALSE,FALSE,FALSE,NA,0
Ca22,FALSE,FALSE,FALSE,TRUE,FALSE,FALSE,FALSE,FALSE,NA,1
Ca23,FALSE,FALSE,FALSE,TRUE,FALSE,FALSE,FALSE,FALSE,NA,1
Ca24,FALSE,FALSE,FALSE,TRUE,FALSE,FALSE,FALSE,FALSE,NA,1
Ca25,FALSE,FALSE,FALSE,TRUE,FALSE,FALSE,FALSE,FALSE,NA,1
Ca26,FALSE,FALSE,FALSE,TRUE,FALSE,FALSE,FALSE,FALSE,NA,1
Ca27,FALSE,FALSE,FALSE,TRUE,FALSE,FALSE,FALSE,FALSE,NA,1
Ca28,FALSE,FALSE,FALSE,TRUE,FALSE,FALSE,FALSE,FALSE,NA,1
Ca29,FALSE,FALSE,FALSE,FALSE,FALSE,FALSE,TRUE,FALSE,NA,1
Ca3,FALSE,FALSE,FALSE,FALSE,FALSE,FALSE,TRUE,FALSE,NA,1
Ca30,FALSE,FALSE,FALSE,FALSE,FALSE,FALSE,TRUE,FALSE,NA,1
Ca31,FALSE,FALSE,FALSE,FALSE,FALSE,FALSE,TRUE,FALSE,NA,1
Ca32,FALSE,FALSE,FALSE,TRUE,FALSE,FALSE,FALSE,FALSE,NA,1
Ca33,FALSE,FALSE,FALSE,TRUE,FALSE,FALSE,FALSE,FALSE,NA,1
Ca34,FALSE,FALSE,FALSE,FALSE,TRUE,FALSE,FALSE,FALSE,NA,1
Ca35,FALSE,FALSE,FALSE,FALSE,TRUE,FALSE,FALSE,FALSE,NA,1
Ca36,FALSE,FALSE,FALSE,FALSE,TRUE,FALSE,FALSE,FALSE,NA,1
Ca37,FALSE,FALSE,FALSE,FALSE,TRUE,FALSE,FALSE,FALSE,NA,1
Ca38,FALSE,FALSE,FALSE,FALSE,TRUE,FALSE,FALSE,FALSE,NA,1
Ca39,FALSE,FALSE,FALSE,FALSE,FALSE,FALSE,TRUE,FALSE,NA,1
Ca4,FALSE,FALSE,FALSE,TRUE,FALSE,FALSE,FALSE,FALSE,NA,1
Ca40,FALSE,FALSE,FALSE,TRUE,FALSE,FALSE,FALSE,FALSE,NA,1
Ca41,FALSE,FALSE,FALSE,TRUE,FALSE,FALSE,FALSE,FALSE,NA,1
Ca42,FALSE,FALSE,FALSE,TRUE,FALSE,FALSE,FALSE,FALSE,NA,1
Ca43,FALSE,FALSE,FALSE,FALSE,TRUE,FALSE,FALSE,FALSE,NA,1
Ca5,FALSE,FALSE,FALSE,FALSE,TRUE,FALSE,FALSE,FALSE,NA,1
Ca6,FALSE,FALSE,FALSE,FALSE,TRUE,FALSE,FALSE,FALSE,NA,1
Ca7,FALSE,FALSE,FALSE,FALSE,FALSE,FALSE,TRUE,FALSE,NA,1
Ca8,FALSE,FALSE,FALSE,FALSE,FALSE,FALSE,FALSE,FALSE,NA,0
Ca9,FALSE,FALSE,FALSE,TRUE,FALSE,FALSE,FALSE,FALSE,NA,1
Cb1,FALSE,FALSE,FALSE,NA,FALSE,FALSE,FALSE,FALSE,NA,NA
Cb10,FALSE,FALSE,FALSE,TRUE,FALSE,FALSE,FALSE,FALSE,NA,1
Cb11,FALSE,FALSE,FALSE,FALSE,TRUE,FALSE,FALSE,FALSE,NA,1
Cb12,FALSE,FALSE,FALSE,FALSE,TRUE,FALSE,FALSE,FALSE,NA,1
Cb13,FALSE,FALSE,FALSE,FALSE,FALSE,FALSE,FALSE,FALSE,NA,0
Cb14,FALSE,FALSE,FALSE,TRUE,FALSE,FALSE,FALSE,FALSE,NA,1
Cb15,FALSE,FALSE,FALSE,FALSE,TRUE,FALSE,FALSE,FALSE,NA,1
Cb16,FALSE,FALSE,FALSE,FALSE,TRUE,FALSE,FALSE,FALSE,NA,1
Cb17,FALSE,FALSE,FALSE,TRUE,FALSE,FALSE,FALSE,FALSE,NA,1
Cb18,FALSE,FALSE,FALSE,TRUE,FALSE,FALSE,FALSE,FALSE,NA,1
Cb19,FALSE,FALSE,FALSE,TRUE,FALSE,FALSE,FALSE,FALSE,NA,1
Cb2,FALSE,FALSE,FALSE,TRUE,FALSE,FALSE,FALSE,FALSE,NA,1
Cb20,FALSE,FALSE,FALSE,TRUE,FALSE,FALSE,FALSE,FALSE,NA,1
Cb21,FALSE,FALSE,FALSE,FALSE,TRUE,FALSE,FALSE,FALSE,NA,1
Cb22,FALSE,FALSE,FALSE,TRUE,FALSE,FALSE,FALSE,FALSE,NA,1
Cb23,FALSE,FALSE,FALSE,TRUE,FALSE,FALSE,FALSE,FALSE,NA,1
Cb24,FALSE,FALSE,FALSE,FALSE,TRUE,FALSE,FALSE,FALSE,NA,1
Cb25,FALSE,FALSE,FALSE,TRUE,FALSE,FALSE,FALSE,FALSE,NA,1
Cb26,FALSE,FALSE,FALSE,FALSE,FALSE,FALSE,FALSE,FALSE,NA,0
Cb27,FALSE,FALSE,FALSE,TRUE,FALSE,FALSE,FALSE,FALSE,NA,1
Cb28,FALSE,FALSE,FALSE,TRUE,FALSE,FALSE,FALSE,FALSE,NA,1
Cb29,FALSE,FALSE,FALSE,NA,FALSE,FALSE,FALSE,FALSE,NA,NA
Cb3,FALSE,FALSE,FALSE,TRUE,FALSE,FALSE,FALSE,FALSE,NA,1
Cb4,FALSE,FALSE,FALSE,TRUE,FALSE,FALSE,FALSE,FALSE,NA,1
Cb5,FALSE,FALSE,FALSE,FALSE,FALSE,FALSE,FALSE,FALSE,NA,0
Cb6,FALSE,FALSE,FALSE,TRUE,FALSE,FALSE,FALSE,FALSE,NA,1
Cb7,FALSE,FALSE,FALSE,TRUE,FALSE,FALSE,FALSE,FALSE,NA,1
Cb8,FALSE,FALSE,FALSE,FALSE,TRUE,FALSE,FALSE,FALSE,NA,1
Cb9,FALSE,FALSE,FALSE,TRUE,FALSE,FALSE,FALSE,FALSE,NA,1
Cc1,FALSE,FALSE,FALSE,FALSE,TRUE,FALSE,FALSE,FALSE,NA,1
Cc10,FALSE,FALSE,FALSE,FALSE,FALSE,FALSE,FALSE,FALSE,NA,0
Cc11,FALSE,FALSE,FALSE,FALSE,FALSE,FALSE,FALSE,FALSE,NA,0
Cc12,FALSE,FALSE,FALSE,FALSE,FALSE,FALSE,FALSE,FALSE,NA,0
Cc13,FALSE,FALSE,FALSE,TRUE,FALSE,FALSE,FALSE,FALSE,NA,1
Cc14,FALSE,FALSE,FALSE,FALSE,FALSE,FALSE,FALSE,FALSE,NA,0
Cc15,FALSE,FALSE,FALSE,NA,FALSE,FALSE,FALSE,FALSE,NA,NA
Cc16,FALSE,FALSE,FALSE,FALSE,TRUE,FALSE,FALSE,FALSE,NA,1
Cc17,FALSE,FALSE,FALSE,FALSE,FALSE,FALSE,FALSE,FALSE,NA,0
Cc18,FALSE,FALSE,FALSE,FALSE,TRUE,FALSE,FALSE,FALSE,NA,1
Cc19,FALSE,FALSE,FALSE,FALSE,TRUE,FALSE,FALSE,FALSE,NA,1
Cc2,FALSE,FALSE,FALSE,FALSE,FALSE,FALSE,FALSE,FALSE,NA,0
Cc20,FALSE,FALSE,FALSE,FALSE,TRUE,FALSE,FALSE,FALSE,NA,1
Cc3,FALSE,FALSE,FALSE,FALSE,FALSE,FALSE,FALSE,FALSE,NA,0
Cc4,FALSE,FALSE,FALSE,FALSE,FALSE,FALSE,FALSE,FALSE,NA,0
Cc5,FALSE,FALSE,FALSE,FALSE,TRUE,FALSE,FALSE,FALSE,NA,1
Cc6,FALSE,FALSE,FALSE,FALSE,TRUE,FALSE,FALSE,FALSE,NA,1
Cc7,FALSE,FALSE,FALSE,FALSE,TRUE,FALSE,FALSE,FALSE,NA,1
Cc8,FALSE,FALSE,FALSE,FALSE,TRUE,FALSE,FALSE,FALSE,NA,1
Cc9,FALSE,FALSE,FALSE,FALSE,FALSE,FALSE,FALSE,FALSE,NA,0
Cd1,FALSE,FALSE,FALSE,FALSE,FALSE,FALSE,FALSE,FALSE,NA,0
Cd10,FALSE,FALSE,FALSE,FALSE,FALSE,FALSE,FALSE,FALSE,NA,0
Cd11,FALSE,FALSE,TRUE,TRUE,FALSE,FALSE,FALSE,FALSE,NA,2
Cd12,FALSE,FALSE,FALSE,FALSE,FALSE,FALSE,FALSE,TRUE,NA,1
Cd13,FALSE,FALSE,FALSE,FALSE,TRUE,FALSE,FALSE,FALSE,NA,1
Cd14,FALSE,FALSE,FALSE,FALSE,TRUE,FALSE,FALSE,FALSE,NA,1
Cd15,FALSE,FALSE,FALSE,FALSE,FALSE,FALSE,FALSE,TRUE,NA,1
Cd16,FALSE,FALSE,FALSE,FALSE,FALSE,FALSE,FALSE,TRUE,NA,1
Cd17,FALSE,FALSE,FALSE,FALSE,TRUE,FALSE,FALSE,FALSE,NA,1
Cd18,FALSE,FALSE,FALSE,FALSE,TRUE,FALSE,FALSE,FALSE,NA,1
Cd19,FALSE,FALSE,FALSE,TRUE,FALSE,FALSE,FALSE,FALSE,NA,1
Cd2,FALSE,FALSE,FALSE,FALSE,FALSE,FALSE,FALSE,TRUE,NA,1
Cd20,FALSE,FALSE,FALSE,FALSE,FALSE,FALSE,FALSE,FALSE,NA,0
Cd21,FALSE,FALSE,FALSE,FALSE,FALSE,FALSE,TRUE,FALSE,NA,1
Cd3,FALSE,FALSE,FALSE,FALSE,FALSE,FALSE,TRUE,FALSE,NA,1
Cd4,FALSE,FALSE,FALSE,FALSE,FALSE,FALSE,TRUE,FALSE,NA,1
Cd5,FALSE,FALSE,FALSE,FALSE,FALSE,FALSE,FALSE,TRUE,NA,1
Cd6,FALSE,FALSE,FALSE,FALSE,FALSE,FALSE,FALSE,TRUE,NA,1
Cd7,FALSE,FALSE,FALSE,FALSE,FALSE,FALSE,TRUE,FALSE,NA,1
Cd8,FALSE,FALSE,FALSE,FALSE,FALSE,FALSE,FALSE,TRUE,NA,1
Cd9,FALSE,FALSE,FALSE,FALSE,FALSE,FALSE,FALSE,TRUE,NA,1
Ce1,FALSE,FALSE,FALSE,FALSE,FALSE,FALSE,TRUE,FALSE,NA,1
Ce2,FALSE,FALSE,FALSE,NA,FALSE,FALSE,FALSE,FALSE,NA,NA
Ce3,FALSE,FALSE,FALSE,FALSE,FALSE,FALSE,TRUE,FALSE,NA,1
Ce4,FALSE,FALSE,FALSE,FALSE,FALSE,FALSE,TRUE,FALSE,NA,1
Ce5,FALSE,FALSE,FALSE,FALSE,FALSE,FALSE,TRUE,FALSE,NA,1
Ce6,FALSE,FALSE,FALSE,FALSE,FALSE,FALSE,TRUE,FALSE,NA,1
Ce7,FALSE,FALSE,FALSE,FALSE,FALSE,FALSE,TRUE,FALSE,NA,1
Ce8,FALSE,FALSE,FALSE,FALSE,FALSE,FALSE,TRUE,FALSE,NA,1
Cf1,FALSE,FALSE,FALSE,FALSE,FALSE,FALSE,TRUE,FALSE,NA,1
Cf2,FALSE,FALSE,FALSE,FALSE,TRUE,FALSE,FALSE,FALSE,NA,1
Cf3,FALSE,FALSE,FALSE,FALSE,FALSE,FALSE,FALSE,FALSE,NA,0
Cf4,FALSE,FALSE,FALSE,FALSE,FALSE,FALSE,TRUE,FALSE,NA,1
Cf5,FALSE,FALSE,FALSE,FALSE,FALSE,FALSE,TRUE,FALSE,NA,1
Cg1,FALSE,FALSE,FALSE,FALSE,FALSE,FALSE,TRUE,FALSE,NA,1
Cg2,FALSE,FALSE,FALSE,FALSE,FALSE,FALSE,FALSE,FALSE,NA,0
Cg3,FALSE,FALSE,FALSE,FALSE,FALSE,FALSE,TRUE,FALSE,NA,1
Cg4,FALSE,FALSE,FALSE,FALSE,TRUE,FALSE,FALSE,FALSE,NA,1
Cg5,FALSE,FALSE,FALSE,FALSE,FALSE,FALSE,TRUE,FALSE,NA,1
Ch1,FALSE,FALSE,FALSE,FALSE,FALSE,FALSE,TRUE,FALSE,NA,1
Ch10,FALSE,FALSE,FALSE,NA,FALSE,FALSE,FALSE,FALSE,NA,NA
Ch11,FALSE,FALSE,FALSE,FALSE,FALSE,FALSE,FALSE,TRUE,NA,1
Ch2,FALSE,FALSE,FALSE,FALSE,FALSE,FALSE,FALSE,FALSE,NA,0
Ch3,FALSE,FALSE,FALSE,FALSE,FALSE,FALSE,TRUE,FALSE,NA,1
Ch4,FALSE,FALSE,FALSE,FALSE,FALSE,FALSE,TRUE,FALSE,NA,1
Ch5,FALSE,FALSE,FALSE,FALSE,FALSE,FALSE,TRUE,FALSE,NA,1
Ch6,FALSE,FALSE,FALSE,FALSE,FALSE,FALSE,TRUE,FALSE,NA,1
Ch7,FALSE,FALSE,FALSE,FALSE,FALSE,FALSE,TRUE,FALSE,NA,1
Ch8,FALSE,FALSE,FALSE,FALSE,FALSE,FALSE,TRUE,FALSE,NA,1
Ch9,FALSE,FALSE,FALSE,FALSE,FALSE,FALSE,TRUE,FALSE,NA,1
Ci1,FALSE,FALSE,FALSE,FALSE,TRUE,FALSE,FALSE,FALSE,NA,1
Ci10,FALSE,FALSE,FALSE,FALSE,FALSE,FALSE,TRUE,FALSE,NA,1
Ci11,FALSE,FALSE,FALSE,FALSE,FALSE,FALSE,FALSE,TRUE,NA,1
Ci12,FALSE,FALSE,FALSE,FALSE,TRUE,FALSE,FALSE,FALSE,NA,1
Ci2,FALSE,FALSE,FALSE,FALSE,FALSE,FALSE,TRUE,FALSE,NA,1
Ci3,FALSE,FALSE,FALSE,FALSE,FALSE,FALSE,TRUE,FALSE,NA,1
Ci4,FALSE,FALSE,FALSE,FALSE,FALSE,FALSE,TRUE,FALSE,NA,1
Ci5,FALSE,FALSE,FALSE,FALSE,FALSE,FALSE,TRUE,FALSE,NA,1
Ci6,FALSE,FALSE,FALSE,FALSE,FALSE,FALSE,FALSE,FALSE,NA,0
Ci7,FALSE,FALSE,FALSE,FALSE,FALSE,FALSE,TRUE,FALSE,NA,1
Ci8,FALSE,FALSE,FALSE,FALSE,FALSE,FALSE,FALSE,TRUE,NA,1
Ci9,FALSE,FALSE,FALSE,FALSE,FALSE,FALSE,FALSE,FALSE,NA,0
Cj1,FALSE,FALSE,FALSE,FALSE,FALSE,FALSE,FALSE,TRUE,NA,1
Cj10,FALSE,FALSE,FALSE,FALSE,FALSE,FALSE,FALSE,FALSE,NA,0
Cj2,FALSE,FALSE,FALSE,FALSE,TRUE,FALSE,FALSE,FALSE,NA,1
Cj3,FALSE,FALSE,FALSE,FALSE,FALSE,FALSE,FALSE,FALSE,NA,0
Cj4,FALSE,FALSE,FALSE,FALSE,FALSE,FALSE,FALSE,TRUE,NA,1
Cj5,FALSE,FALSE,FALSE,FALSE,TRUE,FALSE,FALSE,FALSE,NA,1
Cj6,FALSE,FALSE,FALSE,FALSE,FALSE,FALSE,TRUE,FALSE,NA,1
Cj7,FALSE,FALSE,FALSE,FALSE,FALSE,FALSE,TRUE,FALSE,NA,1
Cj8,FALSE,FALSE,FALSE,FALSE,FALSE,FALSE,TRUE,FALSE,NA,1
Cj9,FALSE,FALSE,FALSE,FALSE,FALSE,FALSE,FALSE,TRUE,NA,1
Ea1,FALSE,FALSE,FALSE,FALSE,FALSE,FALSE,FALSE,TRUE,NA,1
Ea10,FALSE,FALSE,FALSE,FALSE,FALSE,FALSE,FALSE,FALSE,NA,0
Ea11,FALSE,FALSE,FALSE,FALSE,FALSE,FALSE,FALSE,TRUE,NA,1
Ea12,FALSE,FALSE,FALSE,FALSE,TRUE,FALSE,FALSE,FALSE,NA,1
Ea13,FALSE,FALSE,FALSE,FALSE,FALSE,FALSE,TRUE,FALSE,NA,1
Ea2,FALSE,FALSE,FALSE,FALSE,FALSE,FALSE,FALSE,TRUE,NA,1
Ea3,FALSE,FALSE,FALSE,FALSE,FALSE,FALSE,FALSE,TRUE,NA,1
Ea4,FALSE,FALSE,FALSE,FALSE,FALSE,FALSE,FALSE,FALSE,NA,0
Ea5,FALSE,FALSE,FALSE,FALSE,FALSE,FALSE,FALSE,TRUE,NA,1
Ea6,FALSE,FALSE,FALSE,FALSE,TRUE,FALSE,FALSE,FALSE,NA,1
Ea7,FALSE,FALSE,FALSE,FALSE,FALSE,FALSE,FALSE,TRUE,NA,1
Ea8,FALSE,FALSE,FALSE,FALSE,TRUE,FALSE,FALSE,FALSE,NA,1
Ea9,FALSE,FALSE,FALSE,FALSE,FALSE,FALSE,FALSE,TRUE,NA,1
Eb1,FALSE,FALSE,FALSE,FALSE,TRUE,FALSE,FALSE,FALSE,NA,1
Eb2,FALSE,FALSE,FALSE,FALSE,FALSE,FALSE,TRUE,FALSE,NA,1
Eb3,FALSE,FALSE,FALSE,FALSE,TRUE,FALSE,FALSE,FALSE,NA,1
Eb4,FALSE,FALSE,FALSE,NA,FALSE,FALSE,FALSE,FALSE,NA,NA
Eb5,FALSE,FALSE,FALSE,FALSE,FALSE,FALSE,FALSE,TRUE,NA,1
Eb6,FALSE,FALSE,FALSE,FALSE,TRUE,FALSE,FALSE,FALSE,NA,1
Eb7,FALSE,FALSE,FALSE,FALSE,TRUE,FALSE,FALSE,FALSE,NA,1
Eb8,FALSE,FALSE,FALSE,FALSE,FALSE,FALSE,FALSE,FALSE,NA,0
Ec1,FALSE,TRUE,FALSE,FALSE,FALSE,FALSE,FALSE,FALSE,NA,1
Ec10,FALSE,TRUE,FALSE,FALSE,FALSE,FALSE,FALSE,FALSE,NA,1
Ec11,FALSE,FALSE,FALSE,FALSE,FALSE,FALSE,FALSE,FALSE,NA,0
Ec2,FALSE,FALSE,FALSE,FALSE,FALSE,FALSE,FALSE,FALSE,NA,0
Ec3,FALSE,FALSE,FALSE,FALSE,FALSE,FALSE,FALSE,FALSE,NA,0
Ec4,FALSE,FALSE,FALSE,FALSE,FALSE,FALSE,FALSE,FALSE,NA,0
Ec5,FALSE,TRUE,FALSE,FALSE,FALSE,FALSE,FALSE,FALSE,NA,1
Ec6,FALSE,TRUE,FALSE,FALSE,FALSE,FALSE,FALSE,FALSE,NA,1
Ec7,FALSE,TRUE,FALSE,FALSE,FALSE,FALSE,FALSE,FALSE,NA,1
Ec8,FALSE,TRUE,FALSE,FALSE,FALSE,FALSE,FALSE,FALSE,NA,1
Ec9,FALSE,TRUE,FALSE,FALSE,FALSE,FALSE,FALSE,FALSE,NA,1
Ed1,FALSE,FALSE,FALSE,FALSE,FALSE,FALSE,FALSE,TRUE,NA,1
Ed10,FALSE,FALSE,FALSE,FALSE,FALSE,FALSE,TRUE,FALSE,NA,1
Ed13,FALSE,FALSE,FALSE,NA,FALSE,FALSE,FALSE,FALSE,NA,NA
Ed14,FALSE,FALSE,FALSE,NA,FALSE,FALSE,FALSE,FALSE,NA,NA
Ed15a,FALSE,FALSE,FALSE,NA,FALSE,FALSE,FALSE,FALSE,NA,NA
Ed15b,FALSE,FALSE,FALSE,FALSE,FALSE,FALSE,FALSE,FALSE,NA,0
Ed16,FALSE,FALSE,FALSE,NA,FALSE,FALSE,FALSE,FALSE,NA,NA
Ed2,FALSE,FALSE,FALSE,FALSE,FALSE,FALSE,TRUE,FALSE,NA,1
Ed3,FALSE,FALSE,FALSE,FALSE,FALSE,FALSE,TRUE,FALSE,NA,1
Ed4,FALSE,FALSE,FALSE,FALSE,FALSE,FALSE,FALSE,FALSE,NA,0
Ed5,FALSE,FALSE,FALSE,FALSE,FALSE,FALSE,FALSE,TRUE,NA,1
Ed6,FALSE,FALSE,FALSE,FALSE,FALSE,FALSE,FALSE,TRUE,NA,1
Ed7,FALSE,FALSE,FALSE,FALSE,FALSE,FALSE,TRUE,FALSE,NA,1
Ed8,FALSE,FALSE,FALSE,FALSE,FALSE,FALSE,FALSE,TRUE,NA,1
Ed9,FALSE,FALSE,FALSE,FALSE,FALSE,FALSE,TRUE,FALSE,NA,1
Ee1,FALSE,FALSE,FALSE,FALSE,FALSE,FALSE,FALSE,FALSE,NA,0
Ee2,FALSE,FALSE,FALSE,FALSE,FALSE,FALSE,FALSE,TRUE,NA,1
Ee3,FALSE,FALSE,FALSE,FALSE,FALSE,FALSE,TRUE,FALSE,NA,1
Ee4,FALSE,FALSE,FALSE,FALSE,FALSE,FALSE,FALSE,TRUE,NA,1
Ee5,FALSE,FALSE,FALSE,FALSE,FALSE,FALSE,TRUE,FALSE,NA,1
Ee6,FALSE,FALSE,FALSE,FALSE,FALSE,FALSE,TRUE,FALSE,NA,1
Ee7,FALSE,FALSE,FALSE,NA,FALSE,FALSE,FALSE,FALSE,NA,NA
Ee8,FALSE,FALSE,FALSE,FALSE,FALSE,FALSE,FALSE,TRUE,NA,1
Ef1,FALSE,FALSE,FALSE,FALSE,FALSE,FALSE,FALSE,TRUE,NA,1
Ef10,FALSE,FALSE,FALSE,NA,FALSE,FALSE,FALSE,FALSE,NA,NA
Ef11,FALSE,FALSE,FALSE,FALSE,FALSE,FALSE,FALSE,TRUE,NA,1
Ef2,FALSE,FALSE,FALSE,FALSE,FALSE,FALSE,FALSE,TRUE,NA,1
Ef3,FALSE,FALSE,FALSE,NA,FALSE,FALSE,FALSE,FALSE,NA,NA
Ef4,FALSE,FALSE,FALSE,NA,FALSE,FALSE,FALSE,FALSE,NA,NA
Ef5,FALSE,FALSE,FALSE,FALSE,FALSE,FALSE,TRUE,FALSE,NA,1
Ef6,FALSE,FALSE,FALSE,FALSE,FALSE,FALSE,TRUE,FALSE,NA,1
Ef7,FALSE,FALSE,FALSE,FALSE,FALSE,FALSE,TRUE,FALSE,NA,1
Ef8,FALSE,FALSE,FALSE,FALSE,FALSE,FALSE,FALSE,TRUE,NA,1
Ef9,FALSE,FALSE,FALSE,FALSE,FALSE,FALSE,TRUE,FALSE,NA,1
Eg1,TRUE,FALSE,FALSE,FALSE,FALSE,FALSE,FALSE,FALSE,NA,1
Eg10,FALSE,FALSE,FALSE,FALSE,FALSE,FALSE,FALSE,TRUE,NA,1
Eg11,FALSE,FALSE,FALSE,NA,FALSE,FALSE,FALSE,FALSE,NA,NA
Eg12,FALSE,FALSE,FALSE,NA,FALSE,FALSE,FALSE,FALSE,NA,NA
Eg13,FALSE,FALSE,FALSE,TRUE,FALSE,FALSE,FALSE,FALSE,NA,1
Eg14,FALSE,FALSE,FALSE,TRUE,FALSE,FALSE,FALSE,FALSE,NA,1
Eg2,FALSE,FALSE,FALSE,FALSE,FALSE,FALSE,FALSE,TRUE,NA,1
Eg3,FALSE,FALSE,TRUE,TRUE,FALSE,FALSE,FALSE,FALSE,NA,2
Eg4,FALSE,FALSE,FALSE,FALSE,TRUE,FALSE,FALSE,FALSE,NA,1
Eg5,FALSE,FALSE,FALSE,FALSE,FALSE,FALSE,TRUE,FALSE,NA,1
Eg6,FALSE,FALSE,FALSE,FALSE,FALSE,FALSE,FALSE,TRUE,NA,1
Eg7,FALSE,FALSE,FALSE,TRUE,FALSE,FALSE,FALSE,FALSE,NA,1
Eg8,FALSE,FALSE,FALSE,FALSE,FALSE,FALSE,TRUE,FALSE,NA,1
Eg9,FALSE,FALSE,TRUE,FALSE,FALSE,FALSE,FALSE,FALSE,NA,1
Eh1,TRUE,FALSE,FALSE,FALSE,FALSE,FALSE,FALSE,FALSE,NA,1
Eh10,FALSE,FALSE,FALSE,NA,FALSE,FALSE,FALSE,FALSE,NA,NA
Eh2,FALSE,FALSE,FALSE,FALSE,FALSE,FALSE,FALSE,FALSE,NA,0
Eh3,FALSE,FALSE,FALSE,FALSE,FALSE,FALSE,FALSE,FALSE,NA,0
Eh4,TRUE,FALSE,FALSE,FALSE,FALSE,FALSE,FALSE,FALSE,NA,1
Eh5,FALSE,FALSE,TRUE,FALSE,FALSE,FALSE,FALSE,FALSE,NA,1
Eh6,FALSE,FALSE,FALSE,FALSE,FALSE,FALSE,FALSE,TRUE,NA,1
Eh7,FALSE,FALSE,FALSE,FALSE,FALSE,FALSE,FALSE,FALSE,NA,0
Eh8,FALSE,FALSE,FALSE,FALSE,FALSE,FALSE,FALSE,FALSE,NA,0
Eh9,FALSE,FALSE,FALSE,TRUE,FALSE,FALSE,FALSE,FALSE,NA,1
Ei1,FALSE,FALSE,FALSE,TRUE,FALSE,FALSE,FALSE,FALSE,NA,1
Ei10,FALSE,FALSE,FALSE,TRUE,FALSE,FALSE,FALSE,FALSE,NA,1
Ei11,FALSE,FALSE,FALSE,TRUE,FALSE,FALSE,FALSE,FALSE,NA,1
Ei12,FALSE,FALSE,FALSE,TRUE,FALSE,FALSE,FALSE,FALSE,NA,1
Ei13,FALSE,FALSE,FALSE,FALSE,FALSE,FALSE,FALSE,FALSE,NA,0
Ei14,FALSE,FALSE,FALSE,TRUE,FALSE,FALSE,FALSE,FALSE,NA,1
Ei15,FALSE,FALSE,FALSE,NA,FALSE,FALSE,FALSE,FALSE,NA,NA
Ei16,FALSE,FALSE,FALSE,TRUE,FALSE,FALSE,FALSE,FALSE,NA,1
Ei17,FALSE,FALSE,FALSE,NA,FALSE,FALSE,FALSE,FALSE,NA,NA
Ei18,FALSE,FALSE,FALSE,TRUE,FALSE,FALSE,FALSE,FALSE,NA,1
Ei19,FALSE,FALSE,FALSE,TRUE,FALSE,FALSE,FALSE,FALSE,NA,1
Ei2,FALSE,FALSE,FALSE,TRUE,FALSE,FALSE,FALSE,FALSE,NA,1
Ei20,FALSE,FALSE,FALSE,NA,FALSE,FALSE,FALSE,FALSE,NA,NA
Ei3,FALSE,FALSE,FALSE,FALSE,FALSE,FALSE,FALSE,TRUE,NA,1
Ei4,FALSE,FALSE,FALSE,TRUE,FALSE,FALSE,FALSE,FALSE,NA,1
Ei5,FALSE,FALSE,FALSE,TRUE,FALSE,FALSE,FALSE,FALSE,NA,1
Ei6,FALSE,FALSE,FALSE,TRUE,FALSE,FALSE,FALSE,FALSE,NA,1
Ei7,FALSE,FALSE,FALSE,FALSE,FALSE,FALSE,FALSE,FALSE,NA,0
Ei8,FALSE,FALSE,FALSE,TRUE,FALSE,FALSE,FALSE,FALSE,NA,1
Ei9,FALSE,FALSE,FALSE,TRUE,FALSE,FALSE,FALSE,FALSE,NA,1
Ej1,FALSE,FALSE,FALSE,TRUE,FALSE,FALSE,FALSE,FALSE,NA,1
Ej10,FALSE,FALSE,FALSE,TRUE,FALSE,FALSE,FALSE,FALSE,NA,1
Ej11,FALSE,FALSE,FALSE,FALSE,FALSE,FALSE,FALSE,TRUE,NA,1
Ej12,FALSE,FALSE,FALSE,TRUE,FALSE,FALSE,FALSE,FALSE,NA,1
Ej13,FALSE,FALSE,FALSE,FALSE,FALSE,FALSE,FALSE,TRUE,NA,1
Ej14,FALSE,FALSE,TRUE,FALSE,FALSE,FALSE,FALSE,FALSE,NA,1
Ej15,FALSE,FALSE,FALSE,FALSE,FALSE,FALSE,TRUE,FALSE,NA,1
Ej16,FALSE,FALSE,FALSE,FALSE,FALSE,FALSE,FALSE,FALSE,NA,0
Ej2,FALSE,FALSE,FALSE,TRUE,FALSE,FALSE,FALSE,FALSE,NA,1
Ej3,TRUE,FALSE,FALSE,FALSE,FALSE,FALSE,FALSE,FALSE,NA,1
Ej4,FALSE,FALSE,FALSE,FALSE,FALSE,FALSE,FALSE,TRUE,NA,1
Ej5,FALSE,FALSE,FALSE,FALSE,FALSE,FALSE,FALSE,TRUE,NA,1
Ej6,FALSE,TRUE,FALSE,FALSE,FALSE,FALSE,FALSE,FALSE,NA,1
Ej7,FALSE,FALSE,FALSE,TRUE,FALSE,FALSE,FALSE,FALSE,NA,1
Ej8,FALSE,FALSE,FALSE,FALSE,FALSE,FALSE,FALSE,TRUE,NA,1
Ej9,FALSE,FALSE,FALSE,FALSE,FALSE,FALSE,FALSE,TRUE,NA,1
Ia1,FALSE,FALSE,TRUE,FALSE,FALSE,FALSE,FALSE,FALSE,NA,1
Ia10,FALSE,FALSE,TRUE,FALSE,FALSE,FALSE,FALSE,FALSE,NA,1
Ia11,FALSE,FALSE,FALSE,FALSE,FALSE,FALSE,FALSE,TRUE,NA,1
Ia12,FALSE,FALSE,FALSE,FALSE,FALSE,FALSE,FALSE,TRUE,NA,1
Ia13,FALSE,TRUE,FALSE,FALSE,FALSE,FALSE,FALSE,FALSE,NA,1
Ia14,FALSE,FALSE,TRUE,TRUE,FALSE,FALSE,FALSE,FALSE,NA,2
Ia15,FALSE,FALSE,TRUE,FALSE,FALSE,FALSE,FALSE,FALSE,NA,1
Ia16,FALSE,FALSE,FALSE,FALSE,FALSE,FALSE,FALSE,FALSE,NA,0
Ia17,FALSE,FALSE,FALSE,NA,FALSE,FALSE,FALSE,FALSE,NA,NA
Ia18,FALSE,FALSE,FALSE,NA,FALSE,FALSE,FALSE,FALSE,NA,NA
Ia2,FALSE,FALSE,FALSE,FALSE,FALSE,FALSE,FALSE,TRUE,NA,1
Ia3,FALSE,FALSE,FALSE,FALSE,FALSE,FALSE,FALSE,FALSE,NA,0
Ia4,FALSE,FALSE,TRUE,FALSE,FALSE,FALSE,FALSE,FALSE,NA,1
Ia5,FALSE,FALSE,FALSE,TRUE,FALSE,FALSE,FALSE,FALSE,NA,1
Ia6,FALSE,FALSE,TRUE,FALSE,FALSE,FALSE,FALSE,FALSE,NA,1
Ia7,FALSE,FALSE,FALSE,TRUE,FALSE,FALSE,FALSE,FALSE,NA,1
Ia8,FALSE,FALSE,FALSE,FALSE,FALSE,FALSE,FALSE,FALSE,NA,0
Ia9,FALSE,FALSE,FALSE,FALSE,FALSE,FALSE,FALSE,TRUE,NA,1
Ib1,FALSE,FALSE,TRUE,FALSE,FALSE,FALSE,FALSE,FALSE,NA,1
Ib2,FALSE,FALSE,FALSE,FALSE,FALSE,FALSE,FALSE,TRUE,NA,1
Ib3,FALSE,FALSE,FALSE,FALSE,FALSE,FALSE,FALSE,TRUE,NA,1
Ib4,FALSE,FALSE,FALSE,FALSE,FALSE,FALSE,FALSE,TRUE,NA,1
Ib5,FALSE,FALSE,FALSE,TRUE,FALSE,FALSE,FALSE,FALSE,NA,1
Ib6,FALSE,FALSE,FALSE,FALSE,FALSE,FALSE,FALSE,TRUE,NA,1
Ib7,FALSE,FALSE,TRUE,FALSE,FALSE,FALSE,FALSE,FALSE,NA,1
Ib8,FALSE,TRUE,FALSE,FALSE,FALSE,FALSE,FALSE,FALSE,NA,1
Ib9,FALSE,FALSE,FALSE,NA,FALSE,FALSE,FALSE,FALSE,NA,NA
Ic1,FALSE,FALSE,FALSE,FALSE,FALSE,FALSE,FALSE,TRUE,NA,1
Ic10,FALSE,FALSE,TRUE,FALSE,FALSE,FALSE,FALSE,FALSE,NA,1
Ic11,FALSE,FALSE,TRUE,FALSE,FALSE,FALSE,FALSE,FALSE,NA,1
Ic12,FALSE,FALSE,FALSE,TRUE,FALSE,FALSE,FALSE,FALSE,NA,1
Ic13,FALSE,FALSE,FALSE,NA,FALSE,FALSE,FALSE,FALSE,NA,NA
Ic2,FALSE,FALSE,TRUE,FALSE,FALSE,FALSE,FALSE,FALSE,NA,1
Ic3,FALSE,FALSE,FALSE,TRUE,FALSE,FALSE,FALSE,FALSE,NA,1
Ic4,FALSE,FALSE,FALSE,NA,FALSE,FALSE,FALSE,FALSE,NA,NA
Ic5,FALSE,FALSE,FALSE,TRUE,FALSE,FALSE,FALSE,FALSE,NA,1
Ic6,FALSE,FALSE,TRUE,FALSE,FALSE,FALSE,FALSE,FALSE,NA,1
Ic7,FALSE,FALSE,TRUE,TRUE,FALSE,FALSE,FALSE,FALSE,NA,2
Ic8,FALSE,FALSE,TRUE,FALSE,FALSE,FALSE,FALSE,FALSE,NA,1
Ic9,FALSE,FALSE,FALSE,FALSE,FALSE,FALSE,FALSE,TRUE,NA,1
Id1,TRUE,FALSE,FALSE,FALSE,FALSE,FALSE,FALSE,FALSE,NA,1
Id10,TRUE,FALSE,FALSE,FALSE,FALSE,FALSE,FALSE,FALSE,NA,1
Id11,TRUE,FALSE,FALSE,FALSE,FALSE,FALSE,FALSE,FALSE,NA,1
Id12,TRUE,FALSE,FALSE,FALSE,FALSE,FALSE,FALSE,FALSE,NA,1
Id13,FALSE,TRUE,FALSE,FALSE,FALSE,FALSE,FALSE,FALSE,NA,1
Id2,TRUE,FALSE,FALSE,FALSE,FALSE,FALSE,FALSE,FALSE,NA,1
Id3,TRUE,FALSE,FALSE,FALSE,FALSE,FALSE,FALSE,FALSE,NA,1
Id4,TRUE,FALSE,FALSE,FALSE,FALSE,FALSE,FALSE,FALSE,NA,1
Id5,FALSE,TRUE,FALSE,FALSE,FALSE,FALSE,FALSE,FALSE,NA,1
Id6,TRUE,FALSE,FALSE,FALSE,FALSE,FALSE,FALSE,FALSE,NA,1
Id7,TRUE,FALSE,FALSE,FALSE,FALSE,FALSE,FALSE,FALSE,NA,1
Id8,TRUE,FALSE,FALSE,FALSE,FALSE,FALSE,FALSE,FALSE,NA,1
Id9,FALSE,TRUE,FALSE,FALSE,FALSE,FALSE,FALSE,FALSE,NA,1
Ie1,FALSE,FALSE,TRUE,FALSE,FALSE,FALSE,FALSE,FALSE,NA,1
Ie10,FALSE,FALSE,TRUE,FALSE,FALSE,FALSE,FALSE,FALSE,NA,1
Ie11,FALSE,FALSE,FALSE,FALSE,FALSE,FALSE,FALSE,FALSE,NA,0
Ie12,FALSE,FALSE,FALSE,FALSE,FALSE,FALSE,FALSE,FALSE,NA,0
Ie13,FALSE,FALSE,TRUE,FALSE,FALSE,FALSE,FALSE,FALSE,NA,1
Ie14,FALSE,FALSE,FALSE,FALSE,FALSE,TRUE,FALSE,FALSE,NA,1
Ie15,FALSE,FALSE,TRUE,FALSE,FALSE,FALSE,FALSE,FALSE,NA,1
Ie16,FALSE,FALSE,FALSE,FALSE,FALSE,FALSE,FALSE,FALSE,NA,0
Ie17,FALSE,FALSE,TRUE,FALSE,FALSE,FALSE,FALSE,FALSE,NA,1
Ie18,FALSE,FALSE,FALSE,FALSE,FALSE,FALSE,FALSE,FALSE,NA,0
Ie19,FALSE,FALSE,FALSE,FALSE,FALSE,FALSE,FALSE,FALSE,NA,0
Ie2,FALSE,FALSE,TRUE,FALSE,FALSE,FALSE,FALSE,FALSE,NA,1
Ie20,FALSE,FALSE,TRUE,FALSE,FALSE,FALSE,FALSE,FALSE,NA,1
Ie21,FALSE,FALSE,FALSE,FALSE,FALSE,TRUE,FALSE,FALSE,NA,1
Ie22,FALSE,FALSE,TRUE,FALSE,FALSE,FALSE,FALSE,FALSE,NA,1
Ie23,FALSE,FALSE,TRUE,FALSE,FALSE,FALSE,FALSE,FALSE,NA,1
Ie24,FALSE,FALSE,TRUE,FALSE,FALSE,FALSE,FALSE,FALSE,NA,1
Ie25,FALSE,FALSE,TRUE,FALSE,FALSE,FALSE,FALSE,FALSE,NA,1
Ie26,FALSE,FALSE,TRUE,FALSE,FALSE,FALSE,FALSE,FALSE,NA,1
Ie27,FALSE,FALSE,TRUE,FALSE,FALSE,FALSE,FALSE,FALSE,NA,1
Ie28,FALSE,FALSE,TRUE,FALSE,FALSE,FALSE,FALSE,FALSE,NA,1
Ie29,FALSE,FALSE,FALSE,FALSE,FALSE,TRUE,FALSE,FALSE,NA,1
Ie3,FALSE,FALSE,TRUE,FALSE,FALSE,FALSE,FALSE,FALSE,NA,1
Ie30,TRUE,FALSE,FALSE,FALSE,FALSE,FALSE,FALSE,FALSE,NA,1
Ie31,FALSE,FALSE,TRUE,FALSE,FALSE,FALSE,FALSE,FALSE,NA,1
Ie32,FALSE,FALSE,FALSE,FALSE,FALSE,TRUE,FALSE,FALSE,NA,1
Ie33,TRUE,FALSE,FALSE,FALSE,FALSE,FALSE,FALSE,FALSE,NA,1
Ie34,TRUE,FALSE,FALSE,FALSE,FALSE,FALSE,FALSE,FALSE,NA,1
Ie35,FALSE,FALSE,FALSE,FALSE,FALSE,TRUE,FALSE,FALSE,NA,1
Ie36,TRUE,FALSE,FALSE,FALSE,FALSE,FALSE,FALSE,FALSE,NA,1
Ie37,FALSE,FALSE,FALSE,NA,FALSE,FALSE,FALSE,FALSE,NA,NA
Ie38,FALSE,FALSE,TRUE,FALSE,FALSE,FALSE,FALSE,FALSE,NA,1
Ie39,FALSE,FALSE,FALSE,FALSE,FALSE,FALSE,FALSE,FALSE,NA,0
Ie4,FALSE,FALSE,TRUE,FALSE,FALSE,FALSE,FALSE,FALSE,NA,1
Ie5,FALSE,FALSE,TRUE,FALSE,FALSE,FALSE,FALSE,FALSE,NA,1
Ie6,FALSE,TRUE,FALSE,FALSE,FALSE,FALSE,FALSE,FALSE,NA,1
Ie7,FALSE,FALSE,TRUE,FALSE,FALSE,FALSE,FALSE,FALSE,NA,1
Ie8,TRUE,FALSE,FALSE,FALSE,FALSE,FALSE,FALSE,FALSE,NA,1
Ie9,FALSE,FALSE,TRUE,FALSE,FALSE,FALSE,FALSE,FALSE,NA,1
If1,FALSE,FALSE,FALSE,FALSE,FALSE,TRUE,FALSE,FALSE,NA,1
If10,FALSE,FALSE,FALSE,NA,FALSE,NA,FALSE,FALSE,NA,NA
If11,FALSE,FALSE,FALSE,FALSE,FALSE,TRUE,FALSE,FALSE,NA,1
If12,FALSE,FALSE,FALSE,FALSE,FALSE,TRUE,FALSE,FALSE,NA,1
If13,FALSE,FALSE,FALSE,FALSE,FALSE,FALSE,FALSE,FALSE,NA,0
If14,FALSE,FALSE,FALSE,FALSE,FALSE,FALSE,FALSE,FALSE,NA,0
If15,FALSE,FALSE,FALSE,FALSE,FALSE,TRUE,FALSE,FALSE,NA,1
If16,FALSE,FALSE,FALSE,FALSE,FALSE,TRUE,FALSE,FALSE,NA,1
If17,FALSE,FALSE,FALSE,FALSE,FALSE,FALSE,FALSE,FALSE,NA,0
If2,FALSE,FALSE,FALSE,FALSE,FALSE,TRUE,FALSE,FALSE,NA,1
If3,FALSE,FALSE,FALSE,FALSE,FALSE,TRUE,FALSE,FALSE,NA,1
If4,FALSE,FALSE,FALSE,FALSE,FALSE,TRUE,FALSE,FALSE,NA,1
If5,FALSE,FALSE,FALSE,FALSE,FALSE,TRUE,FALSE,FALSE,NA,1
If6,FALSE,FALSE,FALSE,FALSE,FALSE,TRUE,FALSE,FALSE,NA,1
If7,FALSE,FALSE,FALSE,FALSE,FALSE,FALSE,FALSE,FALSE,NA,0
If8,FALSE,FALSE,FALSE,TRUE,FALSE,FALSE,FALSE,FALSE,NA,1
If9,FALSE,FALSE,FALSE,FALSE,FALSE,TRUE,FALSE,FALSE,NA,1
Ig1,FALSE,FALSE,TRUE,FALSE,FALSE,FALSE,FALSE,FALSE,NA,1
Ig10,FALSE,FALSE,TRUE,FALSE,FALSE,FALSE,FALSE,FALSE,NA,1
Ig11,FALSE,FALSE,FALSE,FALSE,FALSE,FALSE,FALSE,FALSE,NA,0
Ig12,FALSE,FALSE,TRUE,FALSE,FALSE,FALSE,FALSE,FALSE,NA,1
Ig13,FALSE,FALSE,FALSE,FALSE,FALSE,FALSE,FALSE,FALSE,NA,0
Ig14,FALSE,FALSE,FALSE,FALSE,FALSE,TRUE,FALSE,FALSE,NA,1
Ig15,FALSE,FALSE,FALSE,FALSE,FALSE,FALSE,FALSE,FALSE,NA,0
Ig16,FALSE,FALSE,FALSE,NA,FALSE,NA,FALSE,FALSE,NA,NA
Ig17,FALSE,TRUE,FALSE,FALSE,FALSE,FALSE,FALSE,FALSE,NA,1
Ig18,FALSE,FALSE,FALSE,NA,FALSE,NA,FALSE,FALSE,NA,NA
Ig19,FALSE,FALSE,FALSE,NA,FALSE,NA,FALSE,FALSE,NA,NA
Ig2,FALSE,FALSE,FALSE,FALSE,FALSE,TRUE,FALSE,FALSE,NA,1
Ig20,FALSE,FALSE,FALSE,FALSE,FALSE,TRUE,FALSE,FALSE,NA,1
Ig21,FALSE,FALSE,FALSE,FALSE,FALSE,TRUE,FALSE,FALSE,NA,1
Ig3,FALSE,FALSE,TRUE,FALSE,FALSE,FALSE,FALSE,FALSE,NA,1
Ig4,FALSE,FALSE,FALSE,FALSE,FALSE,FALSE,FALSE,FALSE,NA,0
Ig5,FALSE,FALSE,FALSE,FALSE,FALSE,TRUE,FALSE,FALSE,NA,1
Ig6,FALSE,FALSE,FALSE,FALSE,FALSE,TRUE,FALSE,FALSE,NA,1
Ig7,FALSE,FALSE,FALSE,FALSE,FALSE,FALSE,FALSE,FALSE,NA,0
Ig8,FALSE,FALSE,FALSE,NA,FALSE,FALSE,FALSE,FALSE,NA,NA
Ig9,FALSE,TRUE,FALSE,FALSE,FALSE,FALSE,FALSE,FALSE,NA,1
Ih1,FALSE,FALSE,FALSE,FALSE,FALSE,TRUE,FALSE,FALSE,NA,1
Ih10,FALSE,FALSE,TRUE,FALSE,FALSE,FALSE,FALSE,FALSE,NA,1
Ih11,FALSE,FALSE,FALSE,NA,FALSE,NA,FALSE,FALSE,NA,NA
Ih12,FALSE,FALSE,FALSE,NA,FALSE,NA,FALSE,FALSE,NA,NA
Ih13,FALSE,FALSE,FALSE,NA,FALSE,FALSE,FALSE,FALSE,NA,NA
Ih14,FALSE,FALSE,FALSE,FALSE,FALSE,FALSE,FALSE,FALSE,NA,0
Ih2,FALSE,FALSE,FALSE,FALSE,FALSE,TRUE,FALSE,FALSE,NA,1
Ih3,FALSE,FALSE,TRUE,FALSE,FALSE,FALSE,FALSE,FALSE,NA,1
Ih4,FALSE,FALSE,FALSE,FALSE,FALSE,TRUE,FALSE,FALSE,NA,1
Ih5,FALSE,FALSE,FALSE,FALSE,FALSE,FALSE,FALSE,FALSE,NA,0
Ih6,FALSE,FALSE,TRUE,FALSE,FALSE,FALSE,FALSE,FALSE,NA,1
Ih7,FALSE,FALSE,FALSE,FALSE,FALSE,TRUE,FALSE,FALSE,NA,1
Ih8,FALSE,FALSE,FALSE,FALSE,FALSE,TRUE,FALSE,FALSE,NA,1
Ih9,FALSE,FALSE,FALSE,FALSE,FALSE,TRUE,FALSE,FALSE,NA,1
Ii1,FALSE,FALSE,FALSE,FALSE,FALSE,TRUE,FALSE,FALSE,NA,1
Ii10,FALSE,FALSE,FALSE,FALSE,FALSE,FALSE,FALSE,FALSE,NA,0
Ii12,FALSE,FALSE,FALSE,FALSE,FALSE,TRUE,FALSE,FALSE,NA,1
Ii13,FALSE,FALSE,FALSE,FALSE,FALSE,TRUE,FALSE,FALSE,NA,1
Ii14,FALSE,FALSE,FALSE,FALSE,FALSE,TRUE,FALSE,FALSE,NA,1
Ii2,FALSE,FALSE,FALSE,FALSE,FALSE,FALSE,FALSE,FALSE,NA,0
Ii3,FALSE,FALSE,FALSE,FALSE,FALSE,TRUE,FALSE,FALSE,NA,1
Ii4,FALSE,FALSE,FALSE,FALSE,FALSE,FALSE,FALSE,FALSE,NA,0
Ii5,FALSE,FALSE,FALSE,FALSE,FALSE,FALSE,FALSE,FALSE,NA,0
Ii6,FALSE,FALSE,FALSE,FALSE,FALSE,FALSE,FALSE,FALSE,NA,0
Ii7,FALSE,FALSE,FALSE,FALSE,FALSE,TRUE,FALSE,FALSE,NA,1
Ii8,FALSE,FALSE,FALSE,FALSE,FALSE,TRUE,FALSE,FALSE,NA,1
Ii9,FALSE,FALSE,FALSE,FALSE,FALSE,FALSE,FALSE,FALSE,NA,0
Ij1,FALSE,FALSE,FALSE,FALSE,FALSE,FALSE,FALSE,FALSE,NA,0
Ij10,FALSE,FALSE,FALSE,FALSE,FALSE,FALSE,FALSE,FALSE,NA,0
Ij2,FALSE,FALSE,FALSE,FALSE,FALSE,FALSE,FALSE,FALSE,NA,0
Ij3,FALSE,FALSE,FALSE,FALSE,FALSE,TRUE,FALSE,FALSE,NA,1
Ij4,FALSE,FALSE,FALSE,FALSE,FALSE,FALSE,FALSE,FALSE,NA,0
Ij5,FALSE,FALSE,FALSE,FALSE,FALSE,FALSE,FALSE,FALSE,NA,0
Ij6,FALSE,FALSE,FALSE,FALSE,FALSE,FALSE,FALSE,FALSE,NA,0
Ij7,FALSE,FALSE,FALSE,FALSE,FALSE,FALSE,FALSE,FALSE,NA,0
Ij8,FALSE,FALSE,FALSE,FALSE,FALSE,TRUE,FALSE,FALSE,NA,1
Ij9,FALSE,FALSE,TRUE,FALSE,FALSE,FALSE,FALSE,FALSE,NA,1
Na1,FALSE,TRUE,FALSE,FALSE,FALSE,FALSE,FALSE,FALSE,NA,1
Na10,FALSE,TRUE,FALSE,FALSE,FALSE,FALSE,FALSE,FALSE,NA,1
Na11,FALSE,TRUE,FALSE,FALSE,FALSE,FALSE,FALSE,FALSE,NA,1
Na12,FALSE,TRUE,FALSE,FALSE,FALSE,FALSE,FALSE,FALSE,NA,1
Na13,FALSE,TRUE,FALSE,FALSE,FALSE,FALSE,FALSE,FALSE,NA,1
Na14,FALSE,TRUE,FALSE,FALSE,FALSE,FALSE,FALSE,FALSE,NA,1
Na15,FALSE,TRUE,FALSE,FALSE,FALSE,FALSE,FALSE,FALSE,NA,1
Na16,FALSE,TRUE,FALSE,FALSE,FALSE,FALSE,FALSE,FALSE,NA,1
Na17,FALSE,TRUE,FALSE,FALSE,FALSE,FALSE,FALSE,FALSE,NA,1
Na19,FALSE,TRUE,FALSE,FALSE,FALSE,FALSE,FALSE,FALSE,NA,1
Na2,FALSE,TRUE,FALSE,FALSE,FALSE,FALSE,FALSE,FALSE,NA,1
Na20,FALSE,TRUE,FALSE,FALSE,FALSE,FALSE,FALSE,FALSE,NA,1
Na21,FALSE,TRUE,FALSE,FALSE,FALSE,FALSE,FALSE,FALSE,NA,1
Na22,FALSE,TRUE,FALSE,FALSE,FALSE,FALSE,FALSE,FALSE,NA,1
Na23,FALSE,TRUE,FALSE,FALSE,FALSE,FALSE,FALSE,FALSE,NA,1
Na24,FALSE,TRUE,FALSE,FALSE,FALSE,FALSE,FALSE,FALSE,NA,1
Na25,FALSE,TRUE,FALSE,FALSE,FALSE,FALSE,FALSE,FALSE,NA,1
Na26,FALSE,TRUE,FALSE,FALSE,FALSE,FALSE,FALSE,FALSE,NA,1
Na27,FALSE,TRUE,FALSE,FALSE,FALSE,FALSE,FALSE,FALSE,NA,1
Na28,FALSE,TRUE,FALSE,FALSE,FALSE,FALSE,FALSE,FALSE,NA,1
Na29,FALSE,TRUE,FALSE,FALSE,FALSE,FALSE,FALSE,FALSE,NA,1
Na3,FALSE,TRUE,FALSE,FALSE,FALSE,FALSE,FALSE,FALSE,NA,1
Na30,FALSE,TRUE,FALSE,FALSE,FALSE,FALSE,FALSE,FALSE,NA,1
Na31,FALSE,TRUE,FALSE,FALSE,FALSE,FALSE,FALSE,FALSE,NA,1
Na32,FALSE,TRUE,FALSE,FALSE,FALSE,FALSE,FALSE,FALSE,NA,1
Na33,FALSE,TRUE,FALSE,FALSE,FALSE,FALSE,FALSE,FALSE,NA,1
Na34,FALSE,TRUE,FALSE,FALSE,FALSE,FALSE,FALSE,FALSE,NA,1
Na35,FALSE,TRUE,FALSE,FALSE,FALSE,FALSE,FALSE,FALSE,NA,1
Na36,FALSE,TRUE,FALSE,FALSE,FALSE,FALSE,FALSE,FALSE,NA,1
Na37,FALSE,TRUE,FALSE,FALSE,FALSE,FALSE,FALSE,FALSE,NA,1
Na38,FALSE,TRUE,FALSE,FALSE,FALSE,FALSE,FALSE,FALSE,NA,1
Na39,FALSE,TRUE,FALSE,FALSE,FALSE,FALSE,FALSE,FALSE,NA,1
Na4,FALSE,TRUE,FALSE,FALSE,FALSE,FALSE,FALSE,FALSE,NA,1
Na40,FALSE,TRUE,FALSE,FALSE,FALSE,FALSE,FALSE,FALSE,NA,1
Na41,FALSE,TRUE,FALSE,FALSE,FALSE,FALSE,FALSE,FALSE,NA,1
Na42,FALSE,TRUE,FALSE,FALSE,FALSE,FALSE,FALSE,FALSE,NA,1
Na43,FALSE,TRUE,FALSE,FALSE,FALSE,FALSE,FALSE,FALSE,NA,1
Na44,FALSE,TRUE,FALSE,FALSE,FALSE,FALSE,FALSE,FALSE,NA,1
Na45,FALSE,TRUE,FALSE,FALSE,FALSE,FALSE,FALSE,FALSE,NA,1
Na5,FALSE,TRUE,FALSE,FALSE,FALSE,FALSE,FALSE,FALSE,NA,1
Na6,FALSE,TRUE,FALSE,FALSE,FALSE,FALSE,FALSE,FALSE,NA,1
Na7,FALSE,TRUE,FALSE,FALSE,FALSE,FALSE,FALSE,FALSE,NA,1
Na8,FALSE,TRUE,FALSE,FALSE,FALSE,FALSE,FALSE,FALSE,NA,1
Na9,FALSE,TRUE,FALSE,FALSE,FALSE,FALSE,FALSE,FALSE,NA,1
Nb1,FALSE,TRUE,FALSE,FALSE,FALSE,FALSE,FALSE,FALSE,NA,1
Nb10,FALSE,TRUE,FALSE,FALSE,FALSE,FALSE,FALSE,FALSE,NA,1
Nb11,FALSE,TRUE,FALSE,FALSE,FALSE,FALSE,FALSE,FALSE,NA,1
Nb12,FALSE,TRUE,FALSE,FALSE,FALSE,FALSE,FALSE,FALSE,NA,1
Nb13,FALSE,TRUE,FALSE,FALSE,FALSE,FALSE,FALSE,FALSE,NA,1
Nb14,FALSE,TRUE,FALSE,FALSE,FALSE,FALSE,FALSE,FALSE,NA,1
Nb15,FALSE,TRUE,FALSE,FALSE,FALSE,FALSE,FALSE,FALSE,NA,1
Nb16,FALSE,TRUE,FALSE,FALSE,FALSE,FALSE,FALSE,FALSE,NA,1
Nb17,FALSE,TRUE,FALSE,FALSE,FALSE,FALSE,FALSE,FALSE,NA,1
Nb18,FALSE,TRUE,FALSE,FALSE,FALSE,FALSE,FALSE,FALSE,NA,1
Nb19,FALSE,TRUE,FALSE,FALSE,FALSE,FALSE,FALSE,FALSE,NA,1
Nb2,FALSE,TRUE,FALSE,FALSE,FALSE,FALSE,FALSE,FALSE,NA,1
Nb20,FALSE,TRUE,FALSE,FALSE,FALSE,FALSE,FALSE,FALSE,NA,1
Nb21,FALSE,TRUE,FALSE,FALSE,FALSE,FALSE,FALSE,FALSE,NA,1
Nb22,FALSE,TRUE,FALSE,FALSE,FALSE,FALSE,FALSE,FALSE,NA,1
Nb23,FALSE,TRUE,FALSE,FALSE,FALSE,FALSE,FALSE,FALSE,NA,1
Nb24,FALSE,TRUE,FALSE,FALSE,FALSE,FALSE,FALSE,FALSE,NA,1
Nb25,FALSE,TRUE,FALSE,FALSE,FALSE,FALSE,FALSE,FALSE,NA,1
Nb26,FALSE,TRUE,FALSE,FALSE,FALSE,FALSE,FALSE,FALSE,NA,1
Nb27,FALSE,TRUE,FALSE,FALSE,FALSE,FALSE,FALSE,FALSE,NA,1
Nb28,FALSE,TRUE,FALSE,FALSE,FALSE,FALSE,FALSE,FALSE,NA,1
Nb29,FALSE,TRUE,FALSE,FALSE,FALSE,FALSE,FALSE,FALSE,NA,1
Nb3,FALSE,TRUE,FALSE,FALSE,FALSE,FALSE,FALSE,FALSE,NA,1
Nb30,TRUE,FALSE,FALSE,FALSE,FALSE,FALSE,FALSE,FALSE,NA,1
Nb31,FALSE,TRUE,FALSE,FALSE,FALSE,FALSE,FALSE,FALSE,NA,1
Nb32,TRUE,FALSE,FALSE,FALSE,FALSE,FALSE,FALSE,FALSE,NA,1
Nb33,TRUE,FALSE,FALSE,FALSE,FALSE,FALSE,FALSE,FALSE,NA,1
Nb34,TRUE,FALSE,FALSE,FALSE,FALSE,FALSE,FALSE,FALSE,NA,1
Nb35,TRUE,FALSE,FALSE,FALSE,FALSE,FALSE,FALSE,FALSE,NA,1
Nb36,TRUE,FALSE,FALSE,FALSE,FALSE,FALSE,FALSE,FALSE,NA,1
Nb37,FALSE,TRUE,FALSE,FALSE,FALSE,FALSE,FALSE,FALSE,NA,1
Nb38,FALSE,TRUE,FALSE,FALSE,FALSE,FALSE,FALSE,FALSE,NA,1
Nb39,TRUE,FALSE,FALSE,FALSE,FALSE,FALSE,FALSE,FALSE,NA,1
Nb4,TRUE,FALSE,FALSE,FALSE,FALSE,FALSE,FALSE,FALSE,NA,1
Nb5,FALSE,TRUE,FALSE,FALSE,FALSE,FALSE,FALSE,FALSE,NA,1
Nb6,TRUE,FALSE,FALSE,FALSE,FALSE,FALSE,FALSE,FALSE,NA,1
Nb7,FALSE,TRUE,FALSE,FALSE,FALSE,FALSE,FALSE,FALSE,NA,1
Nb8,FALSE,TRUE,FALSE,FALSE,FALSE,FALSE,FALSE,FALSE,NA,1
Nb9,FALSE,TRUE,FALSE,FALSE,FALSE,FALSE,FALSE,FALSE,NA,1
Nc1,TRUE,FALSE,FALSE,FALSE,FALSE,FALSE,FALSE,FALSE,NA,1
Nc10,FALSE,TRUE,FALSE,FALSE,FALSE,FALSE,FALSE,FALSE,NA,1
Nc11,TRUE,FALSE,FALSE,FALSE,FALSE,FALSE,FALSE,FALSE,NA,1
Nc12,TRUE,FALSE,FALSE,FALSE,FALSE,FALSE,FALSE,FALSE,NA,1
Nc13,TRUE,FALSE,FALSE,FALSE,FALSE,FALSE,FALSE,FALSE,NA,1
Nc14,FALSE,TRUE,FALSE,FALSE,FALSE,FALSE,FALSE,FALSE,NA,1
Nc15,TRUE,FALSE,FALSE,FALSE,FALSE,FALSE,FALSE,FALSE,NA,1
Nc16,TRUE,FALSE,FALSE,FALSE,FALSE,FALSE,FALSE,FALSE,NA,1
Nc17,TRUE,FALSE,FALSE,FALSE,FALSE,FALSE,FALSE,FALSE,NA,1
Nc18,TRUE,FALSE,FALSE,FALSE,FALSE,FALSE,FALSE,FALSE,NA,1
Nc19,TRUE,FALSE,FALSE,FALSE,FALSE,FALSE,FALSE,FALSE,NA,1
Nc2,TRUE,FALSE,FALSE,FALSE,FALSE,FALSE,FALSE,FALSE,NA,1
Nc20,TRUE,FALSE,FALSE,FALSE,FALSE,FALSE,FALSE,FALSE,NA,1
Nc21,TRUE,FALSE,FALSE,FALSE,FALSE,FALSE,FALSE,FALSE,NA,1
Nc22,TRUE,FALSE,FALSE,FALSE,FALSE,FALSE,FALSE,FALSE,NA,1
Nc23,TRUE,FALSE,FALSE,FALSE,FALSE,FALSE,FALSE,FALSE,NA,1
Nc24,TRUE,FALSE,FALSE,FALSE,FALSE,FALSE,FALSE,FALSE,NA,1
Nc25,TRUE,FALSE,FALSE,FALSE,FALSE,FALSE,FALSE,FALSE,NA,1
Nc26,TRUE,FALSE,FALSE,FALSE,FALSE,FALSE,FALSE,FALSE,NA,1
Nc27,TRUE,FALSE,FALSE,FALSE,FALSE,FALSE,FALSE,FALSE,NA,1
Nc28,TRUE,FALSE,FALSE,FALSE,FALSE,FALSE,FALSE,FALSE,NA,1
Nc29,TRUE,FALSE,FALSE,FALSE,FALSE,FALSE,FALSE,FALSE,NA,1
Nc3,TRUE,FALSE,FALSE,FALSE,FALSE,FALSE,FALSE,FALSE,NA,1
Nc30,TRUE,FALSE,FALSE,FALSE,FALSE,FALSE,FALSE,FALSE,NA,1
Nc31,TRUE,FALSE,FALSE,FALSE,FALSE,FALSE,FALSE,FALSE,NA,1
Nc32,TRUE,FALSE,FALSE,FALSE,FALSE,FALSE,FALSE,FALSE,NA,1
Nc33,TRUE,FALSE,FALSE,FALSE,FALSE,FALSE,FALSE,FALSE,NA,1
Nc34,TRUE,FALSE,FALSE,FALSE,FALSE,FALSE,FALSE,FALSE,NA,1
Nc4,TRUE,FALSE,FALSE,FALSE,FALSE,FALSE,FALSE,FALSE,NA,1
Nc5,TRUE,FALSE,FALSE,FALSE,FALSE,FALSE,FALSE,FALSE,NA,1
Nc6,TRUE,FALSE,FALSE,FALSE,FALSE,FALSE,FALSE,FALSE,NA,1
Nc7,TRUE,FALSE,FALSE,FALSE,FALSE,FALSE,FALSE,FALSE,NA,1
Nc8,FALSE,TRUE,FALSE,FALSE,FALSE,FALSE,FALSE,FALSE,NA,1
Nc9,TRUE,FALSE,FALSE,FALSE,FALSE,FALSE,FALSE,FALSE,NA,1
Nd1,FALSE,TRUE,FALSE,FALSE,FALSE,FALSE,FALSE,FALSE,NA,1
Nd10,FALSE,TRUE,FALSE,FALSE,FALSE,FALSE,FALSE,FALSE,NA,1
Nd11,FALSE,TRUE,FALSE,FALSE,FALSE,FALSE,FALSE,FALSE,NA,1
Nd12,FALSE,TRUE,FALSE,FALSE,FALSE,FALSE,FALSE,FALSE,NA,1
Nd13,FALSE,TRUE,FALSE,FALSE,FALSE,FALSE,FALSE,FALSE,NA,1
Nd14,FALSE,TRUE,FALSE,FALSE,FALSE,FALSE,FALSE,FALSE,NA,1
Nd15,FALSE,TRUE,FALSE,FALSE,FALSE,FALSE,FALSE,FALSE,NA,1
Nd16,FALSE,TRUE,FALSE,FALSE,FALSE,FALSE,FALSE,FALSE,NA,1
Nd17,FALSE,TRUE,FALSE,FALSE,FALSE,FALSE,FALSE,FALSE,NA,1
Nd18,FALSE,TRUE,FALSE,FALSE,FALSE,FALSE,FALSE,FALSE,NA,1
Nd19,FALSE,TRUE,FALSE,FALSE,FALSE,FALSE,FALSE,FALSE,NA,1
Nd2,FALSE,TRUE,FALSE,FALSE,FALSE,FALSE,FALSE,FALSE,NA,1
Nd20,FALSE,TRUE,FALSE,FALSE,FALSE,FALSE,FALSE,FALSE,NA,1
Nd21,TRUE,FALSE,FALSE,FALSE,FALSE,FALSE,FALSE,FALSE,NA,1
Nd22,TRUE,FALSE,FALSE,FALSE,FALSE,FALSE,FALSE,FALSE,NA,1
Nd23,TRUE,FALSE,FALSE,FALSE,FALSE,FALSE,FALSE,FALSE,NA,1
Nd24,TRUE,FALSE,FALSE,FALSE,FALSE,FALSE,FALSE,FALSE,NA,1
Nd25,TRUE,FALSE,FALSE,FALSE,FALSE,FALSE,FALSE,FALSE,NA,1
Nd26,TRUE,FALSE,FALSE,FALSE,FALSE,FALSE,FALSE,FALSE,NA,1
Nd27,TRUE,FALSE,FALSE,FALSE,FALSE,FALSE,FALSE,FALSE,NA,1
Nd28,TRUE,FALSE,FALSE,FALSE,FALSE,FALSE,FALSE,FALSE,NA,1
Nd29,TRUE,FALSE,FALSE,FALSE,FALSE,FALSE,FALSE,FALSE,NA,1
Nd3,FALSE,FALSE,FALSE,FALSE,FALSE,FALSE,FALSE,FALSE,NA,0
Nd30,TRUE,FALSE,FALSE,FALSE,FALSE,FALSE,FALSE,FALSE,NA,1
Nd31,TRUE,FALSE,FALSE,FALSE,FALSE,FALSE,FALSE,FALSE,NA,1
Nd32,TRUE,FALSE,FALSE,FALSE,FALSE,FALSE,FALSE,FALSE,NA,1
Nd33,TRUE,FALSE,FALSE,FALSE,FALSE,FALSE,FALSE,FALSE,NA,1
Nd34,TRUE,FALSE,FALSE,FALSE,FALSE,FALSE,FALSE,FALSE,NA,1
Nd35,TRUE,FALSE,FALSE,FALSE,FALSE,FALSE,FALSE,FALSE,NA,1
Nd36,TRUE,FALSE,FALSE,FALSE,FALSE,FALSE,FALSE,FALSE,NA,1
Nd37,TRUE,FALSE,FALSE,FALSE,FALSE,FALSE,FALSE,FALSE,NA,1
Nd38,TRUE,FALSE,FALSE,FALSE,FALSE,FALSE,FALSE,FALSE,NA,1
Nd39,TRUE,FALSE,FALSE,FALSE,FALSE,FALSE,FALSE,FALSE,NA,1
Nd4,FALSE,TRUE,FALSE,FALSE,FALSE,FALSE,FALSE,FALSE,NA,1
Nd40,TRUE,FALSE,FALSE,FALSE,FALSE,FALSE,FALSE,FALSE,NA,1
Nd41,TRUE,FALSE,FALSE,FALSE,FALSE,FALSE,FALSE,FALSE,NA,1
Nd42,TRUE,FALSE,FALSE,FALSE,FALSE,FALSE,FALSE,FALSE,NA,1
Nd43,TRUE,FALSE,FALSE,FALSE,FALSE,FALSE,FALSE,FALSE,NA,1
Nd44,FALSE,TRUE,FALSE,FALSE,FALSE,FALSE,FALSE,FALSE,NA,1
Nd45,FALSE,TRUE,FALSE,FALSE,FALSE,FALSE,FALSE,FALSE,NA,1
Nd46,FALSE,TRUE,FALSE,FALSE,FALSE,FALSE,FALSE,FALSE,NA,1
Nd47,FALSE,TRUE,FALSE,FALSE,FALSE,FALSE,FALSE,FALSE,NA,1
Nd48,TRUE,FALSE,FALSE,FALSE,FALSE,FALSE,FALSE,FALSE,NA,1
Nd49,TRUE,FALSE,FALSE,FALSE,FALSE,FALSE,FALSE,FALSE,NA,1
Nd5,TRUE,FALSE,FALSE,FALSE,FALSE,FALSE,FALSE,FALSE,NA,1
Nd50,TRUE,FALSE,FALSE,FALSE,FALSE,FALSE,FALSE,FALSE,NA,1
Nd51,TRUE,FALSE,FALSE,FALSE,FALSE,FALSE,FALSE,FALSE,NA,1
Nd52,TRUE,FALSE,FALSE,FALSE,FALSE,FALSE,FALSE,FALSE,NA,1
Nd53,TRUE,FALSE,FALSE,FALSE,FALSE,FALSE,FALSE,FALSE,NA,1
Nd54,TRUE,FALSE,FALSE,FALSE,FALSE,FALSE,FALSE,FALSE,NA,1
Nd55,TRUE,FALSE,FALSE,FALSE,FALSE,FALSE,FALSE,FALSE,NA,1
Nd56,TRUE,FALSE,FALSE,FALSE,FALSE,FALSE,FALSE,FALSE,NA,1
Nd57,FALSE,TRUE,FALSE,FALSE,FALSE,FALSE,FALSE,FALSE,NA,1
Nd58,FALSE,TRUE,FALSE,FALSE,FALSE,FALSE,FALSE,FALSE,NA,1
Nd59,FALSE,TRUE,FALSE,FALSE,FALSE,FALSE,FALSE,FALSE,NA,1
Nd6,TRUE,FALSE,FALSE,FALSE,FALSE,FALSE,FALSE,FALSE,NA,1
Nd60,FALSE,TRUE,FALSE,FALSE,FALSE,FALSE,FALSE,FALSE,NA,1
Nd61,FALSE,TRUE,FALSE,FALSE,FALSE,FALSE,FALSE,FALSE,NA,1
Nd62,FALSE,TRUE,FALSE,FALSE,FALSE,FALSE,FALSE,FALSE,NA,1
Nd63,FALSE,TRUE,FALSE,FALSE,FALSE,FALSE,FALSE,FALSE,NA,1
Nd64,FALSE,TRUE,FALSE,FALSE,FALSE,FALSE,FALSE,FALSE,NA,1
Nd65,TRUE,FALSE,FALSE,FALSE,FALSE,FALSE,FALSE,FALSE,NA,1
Nd66,TRUE,FALSE,FALSE,FALSE,FALSE,FALSE,FALSE,FALSE,NA,1
Nd67,TRUE,FALSE,FALSE,FALSE,FALSE,FALSE,FALSE,FALSE,NA,1
Nd7,FALSE,TRUE,FALSE,FALSE,FALSE,FALSE,FALSE,FALSE,NA,1
Nd8,FALSE,TRUE,FALSE,FALSE,FALSE,FALSE,FALSE,FALSE,NA,1
Nd9,FALSE,TRUE,FALSE,FALSE,FALSE,FALSE,FALSE,FALSE,NA,1
Ne1,FALSE,TRUE,FALSE,FALSE,FALSE,FALSE,FALSE,FALSE,NA,1
Ne10,FALSE,FALSE,FALSE,TRUE,FALSE,FALSE,FALSE,FALSE,NA,1
Ne11,FALSE,TRUE,FALSE,FALSE,FALSE,FALSE,FALSE,FALSE,NA,1
Ne12,FALSE,TRUE,FALSE,FALSE,FALSE,FALSE,FALSE,FALSE,NA,1
Ne13,FALSE,TRUE,FALSE,FALSE,FALSE,FALSE,FALSE,FALSE,NA,1
Ne14,FALSE,TRUE,FALSE,FALSE,FALSE,FALSE,FALSE,FALSE,NA,1
Ne15,FALSE,FALSE,FALSE,TRUE,FALSE,FALSE,FALSE,FALSE,NA,1
Ne16,FALSE,TRUE,FALSE,FALSE,FALSE,FALSE,FALSE,FALSE,NA,1
Ne17,FALSE,TRUE,FALSE,FALSE,FALSE,FALSE,FALSE,FALSE,NA,1
Ne18,FALSE,TRUE,FALSE,FALSE,FALSE,FALSE,FALSE,FALSE,NA,1
Ne19,FALSE,TRUE,FALSE,FALSE,FALSE,FALSE,FALSE,FALSE,NA,1
Ne2,FALSE,TRUE,FALSE,FALSE,FALSE,FALSE,FALSE,FALSE,NA,1
Ne20,FALSE,TRUE,FALSE,FALSE,FALSE,FALSE,FALSE,FALSE,NA,1
Ne21,FALSE,TRUE,FALSE,FALSE,FALSE,FALSE,FALSE,FALSE,NA,1
Ne3,FALSE,TRUE,FALSE,FALSE,FALSE,FALSE,FALSE,FALSE,NA,1
Ne4,FALSE,TRUE,FALSE,FALSE,FALSE,FALSE,FALSE,FALSE,NA,1
Ne5,FALSE,TRUE,FALSE,FALSE,FALSE,FALSE,FALSE,FALSE,NA,1
Ne6,FALSE,FALSE,FALSE,TRUE,FALSE,FALSE,FALSE,FALSE,NA,1
Ne7,FALSE,TRUE,FALSE,FALSE,FALSE,FALSE,FALSE,FALSE,NA,1
Ne8,FALSE,TRUE,FALSE,FALSE,FALSE,FALSE,FALSE,FALSE,NA,1
Ne9,FALSE,TRUE,FALSE,FALSE,FALSE,FALSE,FALSE,FALSE,NA,1
Nf10,FALSE,FALSE,FALSE,TRUE,FALSE,FALSE,FALSE,FALSE,NA,1
Nf11,FALSE,FALSE,FALSE,FALSE,FALSE,FALSE,FALSE,FALSE,NA,0
Nf12,FALSE,TRUE,FALSE,FALSE,FALSE,FALSE,FALSE,FALSE,NA,1
Nf13,FALSE,TRUE,FALSE,FALSE,FALSE,FALSE,FALSE,FALSE,NA,1
Nf14,FALSE,FALSE,FALSE,FALSE,FALSE,FALSE,FALSE,FALSE,NA,0
Nf15,FALSE,FALSE,FALSE,FALSE,FALSE,FALSE,FALSE,FALSE,NA,0
Nf2,FALSE,FALSE,FALSE,FALSE,FALSE,FALSE,FALSE,FALSE,NA,0
Nf3,FALSE,FALSE,FALSE,FALSE,FALSE,FALSE,FALSE,FALSE,NA,0
Nf4,FALSE,FALSE,FALSE,FALSE,FALSE,FALSE,FALSE,FALSE,NA,0
Nf5,FALSE,FALSE,FALSE,TRUE,FALSE,FALSE,FALSE,FALSE,NA,1
Nf6,FALSE,FALSE,FALSE,TRUE,FALSE,FALSE,FALSE,FALSE,NA,1
Nf7,FALSE,FALSE,FALSE,FALSE,FALSE,FALSE,FALSE,FALSE,NA,0
Nf8,FALSE,FALSE,TRUE,FALSE,FALSE,FALSE,FALSE,FALSE,NA,1
Nf9,TRUE,FALSE,FALSE,FALSE,FALSE,FALSE,FALSE,FALSE,NA,1
Ng1,FALSE,FALSE,TRUE,FALSE,FALSE,FALSE,FALSE,FALSE,NA,1
Ng10,FALSE,FALSE,FALSE,FALSE,FALSE,FALSE,FALSE,FALSE,NA,0
Ng11,FALSE,FALSE,TRUE,FALSE,FALSE,FALSE,FALSE,FALSE,NA,1
Ng12,FALSE,FALSE,FALSE,FALSE,FALSE,FALSE,FALSE,FALSE,NA,0
Ng13,FALSE,TRUE,FALSE,FALSE,FALSE,FALSE,FALSE,FALSE,NA,1
Ng14,FALSE,FALSE,FALSE,NA,FALSE,FALSE,FALSE,FALSE,NA,NA
Ng15,FALSE,FALSE,FALSE,FALSE,FALSE,FALSE,FALSE,FALSE,NA,0
Ng2,NA,NA,FALSE,NA,NA,NA,FALSE,FALSE,NA,NA
Ng3,FALSE,FALSE,FALSE,FALSE,FALSE,FALSE,FALSE,FALSE,NA,0
Ng4,FALSE,TRUE,FALSE,FALSE,FALSE,FALSE,FALSE,FALSE,NA,1
Ng5,FALSE,FALSE,TRUE,FALSE,FALSE,FALSE,FALSE,FALSE,NA,1
Ng6,FALSE,FALSE,FALSE,FALSE,FALSE,FALSE,FALSE,FALSE,NA,0
Ng7,FALSE,FALSE,TRUE,FALSE,FALSE,FALSE,FALSE,FALSE,NA,1
Ng8,FALSE,FALSE,FALSE,FALSE,FALSE,FALSE,FALSE,FALSE,NA,0
Ng9,FALSE,FALSE,FALSE,NA,FALSE,FALSE,FALSE,FALSE,NA,NA
Nh1,TRUE,FALSE,FALSE,FALSE,FALSE,FALSE,FALSE,FALSE,NA,1
Nh10,FALSE,FALSE,FALSE,FALSE,FALSE,FALSE,FALSE,FALSE,NA,0
Nh11,FALSE,FALSE,FALSE,FALSE,FALSE,FALSE,FALSE,FALSE,NA,0
Nh12,FALSE,FALSE,FALSE,FALSE,FALSE,FALSE,FALSE,FALSE,NA,0
Nh13,FALSE,FALSE,FALSE,TRUE,FALSE,FALSE,FALSE,FALSE,NA,1
Nh14,FALSE,FALSE,FALSE,FALSE,FALSE,FALSE,FALSE,FALSE,NA,0
Nh15,TRUE,FALSE,FALSE,FALSE,FALSE,FALSE,FALSE,FALSE,NA,1
Nh16,FALSE,TRUE,FALSE,FALSE,FALSE,FALSE,FALSE,FALSE,NA,1
Nh17,FALSE,TRUE,FALSE,FALSE,FALSE,FALSE,FALSE,FALSE,NA,1
Nh18,FALSE,FALSE,FALSE,FALSE,FALSE,FALSE,FALSE,FALSE,NA,0
Nh19,FALSE,FALSE,FALSE,FALSE,FALSE,FALSE,FALSE,FALSE,NA,0
Nh2,FALSE,FALSE,FALSE,FALSE,FALSE,FALSE,FALSE,FALSE,NA,0
Nh20,FALSE,FALSE,FALSE,FALSE,FALSE,FALSE,FALSE,FALSE,NA,0
Nh21,FALSE,FALSE,FALSE,FALSE,FALSE,FALSE,FALSE,FALSE,NA,0
Nh22,FALSE,FALSE,FALSE,FALSE,FALSE,FALSE,FALSE,FALSE,NA,0
Nh23,TRUE,FALSE,FALSE,FALSE,FALSE,FALSE,FALSE,FALSE,NA,1
Nh24,TRUE,FALSE,FALSE,FALSE,FALSE,FALSE,FALSE,FALSE,NA,1
Nh25,FALSE,FALSE,FALSE,FALSE,FALSE,FALSE,FALSE,FALSE,NA,0
Nh26,FALSE,FALSE,FALSE,NA,FALSE,FALSE,FALSE,FALSE,NA,NA
Nh27,FALSE,FALSE,FALSE,NA,FALSE,FALSE,FALSE,FALSE,NA,NA
Nh3,FALSE,FALSE,FALSE,FALSE,FALSE,FALSE,FALSE,FALSE,NA,0
Nh4,FALSE,FALSE,FALSE,FALSE,FALSE,FALSE,FALSE,FALSE,NA,0
Nh5,TRUE,FALSE,FALSE,FALSE,FALSE,FALSE,FALSE,FALSE,NA,1
Nh6,FALSE,FALSE,FALSE,TRUE,FALSE,FALSE,FALSE,FALSE,NA,1
Nh7,FALSE,FALSE,FALSE,FALSE,FALSE,FALSE,FALSE,FALSE,NA,0
Nh8,FALSE,FALSE,FALSE,FALSE,FALSE,FALSE,FALSE,FALSE,NA,0
Nh9,FALSE,FALSE,FALSE,FALSE,FALSE,FALSE,FALSE,FALSE,NA,0
Ni1,FALSE,FALSE,FALSE,TRUE,FALSE,FALSE,FALSE,FALSE,NA,1
Ni2,FALSE,FALSE,FALSE,FALSE,FALSE,FALSE,FALSE,FALSE,NA,0
Ni3,FALSE,FALSE,FALSE,TRUE,FALSE,FALSE,FALSE,FALSE,NA,1
Ni4,FALSE,TRUE,FALSE,FALSE,FALSE,FALSE,FALSE,FALSE,NA,1
Ni5,TRUE,FALSE,FALSE,FALSE,FALSE,FALSE,FALSE,FALSE,NA,1
Ni6,FALSE,FALSE,FALSE,FALSE,FALSE,FALSE,FALSE,FALSE,NA,0
Ni7,FALSE,FALSE,FALSE,FALSE,FALSE,FALSE,FALSE,FALSE,NA,0
Ni8,FALSE,FALSE,FALSE,NA,FALSE,FALSE,FALSE,FALSE,NA,NA
Ni9,FALSE,FALSE,FALSE,NA,FALSE,FALSE,FALSE,FALSE,NA,NA
Nj1,FALSE,FALSE,TRUE,TRUE,FALSE,FALSE,FALSE,FALSE,NA,2
Nj10,FALSE,FALSE,FALSE,NA,FALSE,FALSE,FALSE,FALSE,NA,NA
Nj11,FALSE,FALSE,FALSE,NA,FALSE,FALSE,FALSE,FALSE,NA,NA
Nj12,FALSE,FALSE,FALSE,NA,FALSE,FALSE,FALSE,FALSE,NA,NA
Nj13,FALSE,FALSE,FALSE,NA,FALSE,FALSE,FALSE,FALSE,NA,NA
Nj14,FALSE,FALSE,FALSE,NA,FALSE,FALSE,FALSE,FALSE,NA,NA
Nj2,FALSE,FALSE,FALSE,FALSE,FALSE,FALSE,FALSE,FALSE,NA,0
Nj3,FALSE,FALSE,TRUE,FALSE,FALSE,FALSE,FALSE,FALSE,NA,1
Nj4,FALSE,FALSE,FALSE,TRUE,FALSE,FALSE,FALSE,FALSE,NA,1
Nj5,FALSE,FALSE,FALSE,NA,FALSE,FALSE,FALSE,FALSE,NA,NA
Nj6,FALSE,FALSE,FALSE,FALSE,FALSE,FALSE,FALSE,FALSE,NA,0
Nj7,FALSE,FALSE,FALSE,TRUE,FALSE,FALSE,FALSE,FALSE,NA,1
Nj8,FALSE,FALSE,FALSE,FALSE,FALSE,FALSE,FALSE,FALSE,NA,0
Nj9,FALSE,FALSE,FALSE,TRUE,FALSE,FALSE,FALSE,FALSE,NA,1
Sa1,FALSE,FALSE,TRUE,FALSE,FALSE,FALSE,FALSE,FALSE,NA,1
Sa10,FALSE,FALSE,FALSE,NA,FALSE,FALSE,FALSE,FALSE,NA,NA
Sa11,FALSE,FALSE,FALSE,NA,FALSE,FALSE,FALSE,FALSE,NA,NA
Sa12,FALSE,FALSE,TRUE,FALSE,FALSE,FALSE,FALSE,FALSE,NA,1
Sa13,FALSE,FALSE,TRUE,TRUE,FALSE,FALSE,FALSE,FALSE,NA,2
Sa14,FALSE,FALSE,FALSE,FALSE,FALSE,FALSE,FALSE,FALSE,NA,0
Sa15,FALSE,FALSE,FALSE,NA,FALSE,FALSE,FALSE,FALSE,NA,NA
Sa16,FALSE,FALSE,FALSE,NA,FALSE,FALSE,FALSE,FALSE,NA,NA
Sa17,FALSE,FALSE,FALSE,NA,FALSE,FALSE,FALSE,FALSE,NA,NA
Sa2,FALSE,FALSE,FALSE,NA,FALSE,FALSE,FALSE,FALSE,NA,NA
Sa3,FALSE,FALSE,TRUE,FALSE,FALSE,FALSE,FALSE,FALSE,NA,1
Sa4,FALSE,FALSE,TRUE,FALSE,FALSE,FALSE,FALSE,FALSE,NA,1
Sa5,FALSE,FALSE,TRUE,FALSE,FALSE,FALSE,FALSE,FALSE,NA,1
Sa6,FALSE,FALSE,TRUE,FALSE,FALSE,FALSE,FALSE,FALSE,NA,1
Sa7,FALSE,FALSE,FALSE,FALSE,FALSE,FALSE,FALSE,FALSE,NA,0
Sa8,FALSE,FALSE,FALSE,TRUE,FALSE,FALSE,FALSE,FALSE,NA,1
Sa9,TRUE,FALSE,FALSE,FALSE,FALSE,FALSE,FALSE,FALSE,NA,1
Sb1,FALSE,FALSE,FALSE,FALSE,FALSE,FALSE,FALSE,FALSE,NA,0
Sb2,FALSE,FALSE,TRUE,FALSE,FALSE,FALSE,FALSE,FALSE,NA,1
Sb3,TRUE,FALSE,FALSE,FALSE,FALSE,FALSE,FALSE,FALSE,NA,1
Sb4,FALSE,FALSE,TRUE,FALSE,FALSE,FALSE,FALSE,FALSE,NA,1
Sb5,FALSE,TRUE,FALSE,FALSE,FALSE,FALSE,FALSE,FALSE,NA,1
Sb6,FALSE,FALSE,FALSE,FALSE,TRUE,FALSE,FALSE,FALSE,NA,1
Sb7,FALSE,FALSE,TRUE,FALSE,FALSE,FALSE,FALSE,FALSE,NA,1
Sb8,FALSE,FALSE,FALSE,FALSE,FALSE,FALSE,FALSE,FALSE,NA,0
Sb9,FALSE,FALSE,FALSE,TRUE,FALSE,FALSE,FALSE,FALSE,NA,1
Sc1,TRUE,FALSE,FALSE,FALSE,FALSE,FALSE,FALSE,FALSE,NA,1
Sc10,FALSE,FALSE,TRUE,FALSE,FALSE,FALSE,FALSE,FALSE,NA,1
Sc11,FALSE,FALSE,TRUE,FALSE,FALSE,FALSE,FALSE,FALSE,NA,1
Sc12,FALSE,FALSE,TRUE,FALSE,FALSE,FALSE,FALSE,FALSE,NA,1
Sc13,FALSE,FALSE,TRUE,FALSE,FALSE,FALSE,FALSE,FALSE,NA,1
Sc14,FALSE,FALSE,FALSE,NA,FALSE,FALSE,FALSE,FALSE,NA,NA
Sc15,FALSE,FALSE,FALSE,FALSE,FALSE,FALSE,FALSE,FALSE,NA,0
Sc16,FALSE,FALSE,FALSE,FALSE,FALSE,FALSE,FALSE,FALSE,NA,0
Sc17,FALSE,FALSE,TRUE,FALSE,FALSE,FALSE,FALSE,FALSE,NA,1
Sc18,FALSE,FALSE,TRUE,FALSE,FALSE,FALSE,FALSE,FALSE,NA,1
Sc2,FALSE,FALSE,FALSE,FALSE,FALSE,FALSE,FALSE,FALSE,NA,0
Sc3,FALSE,FALSE,FALSE,FALSE,FALSE,FALSE,FALSE,FALSE,NA,0
Sc4,FALSE,FALSE,FALSE,FALSE,FALSE,FALSE,FALSE,FALSE,NA,0
Sc5,FALSE,FALSE,FALSE,FALSE,FALSE,FALSE,FALSE,FALSE,NA,0
Sc6,FALSE,FALSE,TRUE,FALSE,FALSE,FALSE,FALSE,FALSE,NA,1
Sc7,FALSE,FALSE,FALSE,FALSE,FALSE,FALSE,FALSE,FALSE,NA,0
Sc8,FALSE,TRUE,FALSE,FALSE,FALSE,FALSE,FALSE,FALSE,NA,1
Sc9,FALSE,FALSE,TRUE,FALSE,FALSE,FALSE,FALSE,FALSE,NA,1
Sd1,FALSE,FALSE,FALSE,FALSE,FALSE,FALSE,FALSE,FALSE,NA,0
Sd2,FALSE,FALSE,TRUE,FALSE,FALSE,FALSE,FALSE,FALSE,NA,1
Sd3,FALSE,FALSE,TRUE,FALSE,FALSE,FALSE,FALSE,FALSE,NA,1
Sd4,FALSE,TRUE,FALSE,FALSE,FALSE,FALSE,FALSE,FALSE,NA,1
Sd5,FALSE,FALSE,TRUE,FALSE,FALSE,FALSE,FALSE,FALSE,NA,1
Sd6,FALSE,TRUE,FALSE,FALSE,FALSE,FALSE,FALSE,FALSE,NA,1
Sd7,FALSE,FALSE,TRUE,FALSE,FALSE,FALSE,FALSE,FALSE,NA,1
Sd8,FALSE,TRUE,FALSE,FALSE,FALSE,FALSE,FALSE,FALSE,NA,1
Sd9,FALSE,FALSE,TRUE,FALSE,FALSE,FALSE,FALSE,FALSE,NA,1
Se1,FALSE,TRUE,FALSE,FALSE,FALSE,FALSE,FALSE,FALSE,NA,1
Se10,FALSE,FALSE,FALSE,FALSE,FALSE,FALSE,FALSE,FALSE,NA,0
Se11,FALSE,FALSE,FALSE,FALSE,FALSE,FALSE,FALSE,FALSE,NA,0
Se12,FALSE,FALSE,FALSE,NA,FALSE,NA,FALSE,FALSE,NA,NA
Se2,FALSE,FALSE,FALSE,FALSE,FALSE,FALSE,FALSE,FALSE,NA,0
Se3,FALSE,FALSE,TRUE,FALSE,FALSE,FALSE,FALSE,FALSE,NA,1
Se4,FALSE,FALSE,FALSE,FALSE,FALSE,FALSE,FALSE,FALSE,NA,0
Se5,FALSE,FALSE,TRUE,FALSE,FALSE,FALSE,FALSE,FALSE,NA,1
Se6,FALSE,FALSE,FALSE,FALSE,FALSE,FALSE,FALSE,FALSE,NA,0
Se7,FALSE,FALSE,FALSE,NA,FALSE,FALSE,FALSE,FALSE,NA,NA
Se8,FALSE,FALSE,TRUE,FALSE,FALSE,FALSE,FALSE,FALSE,NA,1
Se9,FALSE,TRUE,FALSE,FALSE,FALSE,FALSE,FALSE,FALSE,NA,1
Sf1,FALSE,FALSE,FALSE,FALSE,FALSE,FALSE,FALSE,FALSE,NA,0
Sf2,FALSE,FALSE,FALSE,TRUE,FALSE,FALSE,FALSE,FALSE,NA,1
Sf3,FALSE,FALSE,TRUE,FALSE,FALSE,FALSE,FALSE,FALSE,NA,1
Sf4,FALSE,FALSE,TRUE,FALSE,FALSE,FALSE,FALSE,FALSE,NA,1
Sf5,FALSE,FALSE,FALSE,TRUE,FALSE,FALSE,FALSE,FALSE,NA,1
Sf6,FALSE,FALSE,FALSE,FALSE,FALSE,FALSE,FALSE,FALSE,NA,0
Sf7,FALSE,FALSE,TRUE,FALSE,FALSE,FALSE,FALSE,FALSE,NA,1
Sf8,FALSE,FALSE,FALSE,FALSE,FALSE,FALSE,FALSE,FALSE,NA,0
Sf9,FALSE,TRUE,FALSE,FALSE,FALSE,FALSE,FALSE,FALSE,NA,1
Sg1,FALSE,TRUE,FALSE,FALSE,FALSE,FALSE,FALSE,FALSE,NA,1
Sg2,FALSE,FALSE,FALSE,TRUE,FALSE,FALSE,FALSE,FALSE,NA,1
Sg3,FALSE,TRUE,FALSE,FALSE,FALSE,FALSE,FALSE,FALSE,NA,1
Sg4,FALSE,TRUE,FALSE,FALSE,FALSE,FALSE,FALSE,FALSE,NA,1
Sg5,FALSE,TRUE,FALSE,FALSE,FALSE,FALSE,FALSE,FALSE,NA,1
Sh1,FALSE,TRUE,FALSE,FALSE,FALSE,FALSE,FALSE,FALSE,NA,1
Sh2,FALSE,FALSE,FALSE,FALSE,FALSE,FALSE,FALSE,FALSE,NA,0
Sh3,FALSE,TRUE,FALSE,FALSE,FALSE,FALSE,FALSE,FALSE,NA,1
Sh4,FALSE,TRUE,FALSE,FALSE,FALSE,FALSE,FALSE,FALSE,NA,1
Sh5,TRUE,FALSE,FALSE,FALSE,FALSE,FALSE,FALSE,FALSE,NA,1
Sh6,TRUE,FALSE,FALSE,FALSE,FALSE,FALSE,FALSE,FALSE,NA,1
Sh7,FALSE,FALSE,TRUE,FALSE,FALSE,FALSE,FALSE,FALSE,NA,1
Sh8,FALSE,FALSE,FALSE,FALSE,FALSE,FALSE,FALSE,FALSE,NA,0
Sh9,FALSE,TRUE,FALSE,FALSE,FALSE,FALSE,FALSE,FALSE,NA,1
Si1,FALSE,TRUE,FALSE,FALSE,FALSE,FALSE,FALSE,FALSE,NA,1
Si10,FALSE,FALSE,TRUE,FALSE,FALSE,FALSE,FALSE,FALSE,NA,1
Si2,FALSE,FALSE,FALSE,FALSE,FALSE,FALSE,FALSE,FALSE,NA,0
Si3,FALSE,FALSE,TRUE,FALSE,FALSE,FALSE,FALSE,FALSE,NA,1
Si4,TRUE,FALSE,FALSE,FALSE,FALSE,FALSE,FALSE,FALSE,NA,1
Si5,FALSE,FALSE,FALSE,FALSE,FALSE,FALSE,FALSE,FALSE,NA,0
Si6,TRUE,FALSE,FALSE,FALSE,FALSE,FALSE,FALSE,FALSE,NA,1
Si7,FALSE,FALSE,TRUE,FALSE,FALSE,FALSE,FALSE,FALSE,NA,1
Si8,FALSE,FALSE,TRUE,FALSE,FALSE,FALSE,FALSE,FALSE,NA,1
Si9,FALSE,FALSE,FALSE,FALSE,FALSE,FALSE,FALSE,FALSE,NA,0
Sj1,FALSE,TRUE,FALSE,FALSE,FALSE,FALSE,FALSE,FALSE,NA,1
Sj10,FALSE,FALSE,TRUE,FALSE,FALSE,FALSE,FALSE,FALSE,NA,1
Sj11,TRUE,FALSE,FALSE,FALSE,FALSE,FALSE,FALSE,FALSE,NA,1
Sj2,FALSE,FALSE,FALSE,FALSE,FALSE,FALSE,FALSE,FALSE,NA,0
Sj3,FALSE,TRUE,FALSE,FALSE,FALSE,FALSE,FALSE,FALSE,NA,1
Sj4,FALSE,FALSE,FALSE,FALSE,FALSE,FALSE,FALSE,FALSE,NA,0
Sj5,TRUE,FALSE,FALSE,FALSE,FALSE,FALSE,FALSE,FALSE,NA,1
Sj6,FALSE,FALSE,TRUE,TRUE,FALSE,FALSE,FALSE,FALSE,NA,2
Sj7,FALSE,FALSE,TRUE,FALSE,FALSE,FALSE,FALSE,FALSE,NA,1
Sj8,FALSE,FALSE,FALSE,FALSE,FALSE,FALSE,FALSE,FALSE,NA,0
Sj9,FALSE,FALSE,TRUE,FALSE,FALSE,FALSE,FALSE,FALSE,NA,1
ch12,FALSE,FALSE,FALSE,TRUE,FALSE,FALSE,FALSE,FALSE,NA,1
ch13,FALSE,FALSE,FALSE,FALSE,FALSE,FALSE,FALSE,FALSE,NA,0
ch14,FALSE,FALSE,FALSE,FALSE,FALSE,FALSE,TRUE,FALSE,NA,1
ch15,FALSE,FALSE,FALSE,FALSE,FALSE,FALSE,TRUE,FALSE,NA,1
ch16,FALSE,FALSE,FALSE,FALSE,FALSE,FALSE,TRUE,FALSE,NA,1
ch17,FALSE,FALSE,FALSE,TRUE,FALSE,FALSE,FALSE,FALSE,NA,1
ch18,FALSE,FALSE,FALSE,FALSE,FALSE,FALSE,TRUE,FALSE,NA,1
ch19,FALSE,FALSE,FALSE,FALSE,FALSE,FALSE,FALSE,FALSE,NA,0
ch20,FALSE,FALSE,FALSE,FALSE,FALSE,FALSE,FALSE,FALSE,NA,0
ch21,FALSE,FALSE,FALSE,FALSE,FALSE,FALSE,TRUE,FALSE,NA,1
ch22,FALSE,FALSE,FALSE,TRUE,FALSE,FALSE,FALSE,FALSE,NA,1
ch23,FALSE,FALSE,FALSE,TRUE,FALSE,FALSE,FALSE,FALSE,NA,1
ch24,FALSE,TRUE,FALSE,FALSE,FALSE,FALSE,FALSE,FALSE,NA,1
ch25,FALSE,FALSE,FALSE,FALSE,FALSE,FALSE,TRUE,FALSE,NA,1
ch26,FALSE,FALSE,FALSE,FALSE,FALSE,FALSE,TRUE,FALSE,NA,1
ch27,FALSE,FALSE,FALSE,FALSE,FALSE,FALSE,TRUE,FALSE,NA,1
ch28,FALSE,FALSE,FALSE,FALSE,FALSE,FALSE,TRUE,FALSE,NA,1
ec12,FALSE,TRUE,FALSE,FALSE,FALSE,FALSE,FALSE,FALSE,NA,1
ec13,FALSE,TRUE,FALSE,FALSE,FALSE,FALSE,FALSE,FALSE,NA,1
ec14,FALSE,TRUE,FALSE,FALSE,FALSE,FALSE,FALSE,FALSE,NA,1
ec15,FALSE,TRUE,FALSE,FALSE,FALSE,FALSE,FALSE,FALSE,NA,1
ec16,FALSE,TRUE,FALSE,FALSE,FALSE,FALSE,FALSE,FALSE,NA,1
ec17,FALSE,TRUE,FALSE,FALSE,FALSE,FALSE,FALSE,FALSE,NA,1
ec18,FALSE,TRUE,FALSE,FALSE,FALSE,FALSE,FALSE,FALSE,NA,1
ec19,FALSE,TRUE,FALSE,FALSE,FALSE,FALSE,FALSE,FALSE,NA,1
ec20,FALSE,TRUE,FALSE,FALSE,FALSE,FALSE,FALSE,FALSE,NA,1
ec21,FALSE,TRUE,FALSE,FALSE,FALSE,FALSE,FALSE,FALSE,NA,1