"","soc_id","class","caste","slavery","class_scaled","caste_scaled","slavery_scaled","SocialLayering_additive"
"1","Aa1",0,0,0,0,0,0,0
"2","Aa2",0,0,0,0,0,0,0
"3","Aa3",1,0,0,0.25,0,0,0.25
"4","Aa4",0,0,2,0,0,1,1
"5","Aa5",0,0,0,0,0,0,0
"6","Aa6",0,0,0,0,0,0,0
"7","Aa7",0,0,0,0,0,0,0
"8","Aa8",0,0,0,0,0,0,0
"9","Aa9",0,0,0,0,0,0,0
"10","Ab1",1,0,1,0.25,0,0.5,0.75
"11","Ab10",1,0,0,0.25,0,0,0.25
"12","Ab11",2,0,0,0.5,0,0,0.5
"13","Ab12",2,0,0,0.5,0,0,0.5
"14","Ab13",3,2,0,0.75,0.666666666666667,0,1.41666666666667
"15","Ab14",2,0,0,0.5,0,0,0.5
"16","Ab15",1,0,NA,0.25,0,NA,NA
"17","Ab16",NA,0,0,NA,0,0,NA
"18","Ab17",NA,0,1,NA,0,0.5,NA
"19","Ab18",NA,NA,2,NA,NA,1,NA
"20","Ab19",2,0,1,0.5,0,0.5,1
"21","Ab2",2,0,0,0.5,0,0,0.5
"22","Ab20",2,0,2,0.5,0,1,1.5
"23","Ab21a",0,0,1,0,0,0.5,0.5
"24","Ab21b",NA,NA,NA,NA,NA,NA,NA
"25","Ab22",NA,NA,NA,NA,NA,NA,NA
"26","Ab3",2,0,2,0.5,0,1,1.5
"27","Ab4",2,0,0,0.5,0,0,0.5
"28","Ab5",2,0,2,0.5,0,1,1.5
"29","Ab6",2,0,1,0.5,0,0.5,1
"30","Ab7",2,0,1,0.5,0,0.5,1
"31","Ab8",2,0,0,0.5,0,0,0.5
"32","Ab9",3,2,0,0.75,0.666666666666667,0,1.41666666666667
"33","Ac1",1,0,1,0.25,0,0.5,0.75
"34","Ac10",0,0,1,0,0,0.5,0.5
"35","Ac11",0,0,2,0,0,1,1
"36","Ac12",2,0,2,0.5,0,1,1.5
"37","Ac13",0,0,1,0,0,0.5,0.5
"38","Ac14",2,0,1,0.5,0,0.5,1
"39","Ac15",0,0,2,0,0,1,1
"40","Ac16",NA,NA,2,NA,NA,1,NA
"41","Ac17",2,0,2,0.5,0,1,1.5
"42","Ac18",NA,NA,1,NA,NA,0.5,NA
"43","Ac19",NA,NA,2,NA,NA,1,NA
"44","Ac2",2,0,1,0.5,0,0.5,1
"45","Ac20",NA,NA,1,NA,NA,0.5,NA
"46","Ac21",2,0,1,0.5,0,0.5,1
"47","Ac22",NA,NA,1,NA,NA,0.5,NA
"48","Ac23",2,1,1,0.5,0.333333333333333,0.5,1.33333333333333
"49","Ac24",0,0,1,0,0,0.5,0.5
"50","Ac25",0,0,1,0,0,0.5,0.5
"51","Ac26",0,0,2,0,0,1,1
"52","Ac27",0,0,NA,0,0,NA,NA
"53","Ac28",NA,0,NA,NA,0,NA,NA
"54","Ac29",NA,NA,1,NA,NA,0.5,NA
"55","Ac3",2,0,1,0.5,0,0.5,1
"56","Ac30",0,0,1,0,0,0.5,0.5
"57","Ac31",2,0,1,0.5,0,0.5,1
"58","Ac32",0,0,1,0,0,0.5,0.5
"59","Ac33",2,0,1,0.5,0,0.5,1
"60","Ac34",2,0,1,0.5,0,0.5,1
"61","Ac35",NA,0,2,NA,0,1,NA
"62","Ac36",2,0,1,0.5,0,0.5,1
"63","Ac37",0,0,NA,0,0,NA,NA
"64","Ac38",0,0,2,0,0,1,1
"65","Ac39",0,0,1,0,0,0.5,0.5
"66","Ac4",2,2,2,0.5,0.666666666666667,1,2.16666666666667
"67","Ac40",0,0,2,0,0,1,1
"68","Ac41",0,0,2,0,0,1,1
"69","Ac42",0,0,2,0,0,1,1
"70","Ac43",NA,NA,2,NA,NA,1,NA
"71","Ac5",0,0,2,0,0,1,1
"72","Ac6",NA,0,1,NA,0,0.5,NA
"73","Ac7",0,0,1,0,0,0.5,0.5
"74","Ac8",2,0,2,0.5,0,1,1.5
"75","Ac9",2,0,1,0.5,0,0.5,1
"76","Ad1",0,1,1,0,0.333333333333333,0.5,0.833333333333333
"77","Ad10",2,NA,2,0.5,NA,1,NA
"78","Ad11",2,0,1,0.5,0,0.5,1
"79","Ad12",0,0,NA,0,0,NA,NA
"80","Ad13",0,0,1,0,0,0.5,0.5
"81","Ad14",0,1,1,0,0.333333333333333,0.5,0.833333333333333
"82","Ad15",2,0,1,0.5,0,0.5,1
"83","Ad16",2,0,1,0.5,0,0.5,1
"84","Ad17",2,0,2,0.5,0,1,1.5
"85","Ad18",NA,0,2,NA,0,1,NA
"86","Ad19",2,0,1,0.5,0,0.5,1
"87","Ad2",2,0,1,0.5,0,0.5,1
"88","Ad20",2,0,2,0.5,0,1,1.5
"89","Ad21",2,0,1,0.5,0,0.5,1
"90","Ad22",2,0,1,0.5,0,0.5,1
"91","Ad23",2,0,2,0.5,0,1,1.5
"92","Ad24",2,0,2,0.5,0,1,1.5
"93","Ad25",0,0,2,0,0,1,1
"94","Ad26",0,1,0,0,0.333333333333333,0,0.333333333333333
"95","Ad27",0,0,2,0,0,1,1
"96","Ad28",0,0,2,0,0,1,1
"97","Ad29",2,NA,1,0.5,NA,0.5,NA
"98","Ad3",2,0,0,0.5,0,0,0.5
"99","Ad30",NA,NA,2,NA,NA,1,NA
"100","Ad31",NA,NA,2,NA,NA,1,NA
"101","Ad32",0,NA,2,0,NA,1,NA
"102","Ad33",0,0,2,0,0,1,1
"103","Ad34",NA,NA,1,NA,NA,0.5,NA
"104","Ad35",0,0,1,0,0,0.5,0.5
"105","Ad36",2,0,2,0.5,0,1,1.5
"106","Ad37",0,0,0,0,0,0,0
"107","Ad38",0,0,0,0,0,0,0
"108","Ad39",3,1,0,0.75,0.333333333333333,0,1.08333333333333
"109","Ad4",1,0,0,0.25,0,0,0.25
"110","Ad40",NA,0,NA,NA,0,NA,NA
"111","Ad41",1,0,NA,0.25,0,NA,NA
"112","Ad42",2,0,2,0.5,0,1,1.5
"113","Ad43",2,0,1,0.5,0,0.5,1
"114","Ad44",0,0,NA,0,0,NA,NA
"115","Ad45",3,2,1,0.75,0.666666666666667,0.5,1.91666666666667
"116","Ad46",2,0,1,0.5,0,0.5,1
"117","Ad47",2,0,2,0.5,0,1,1.5
"118","Ad48",2,0,1,0.5,0,0.5,1
"119","Ad49",2,0,1,0.5,0,0.5,1
"120","Ad5",1,0,0,0.25,0,0,0.25
"121","Ad50",0,0,1,0,0,0.5,0.5
"122","Ad51",0,0,1,0,0,0.5,0.5
"123","Ad6",0,0,1,0,0,0.5,0.5
"124","Ad7",2,0,1,0.5,0,0.5,1
"125","Ad8",2,0,1,0.5,0,0.5,1
"126","Ad9",1,0,1,0.25,0,0.5,0.75
"127","Ae1",0,2,0,0,0.666666666666667,0,0.666666666666667
"128","Ae10",4,2,1,1,0.666666666666667,0.5,2.16666666666667
"129","Ae11",0,0,2,0,0,1,1
"130","Ae12",1,0,1,0.25,0,0.5,0.75
"131","Ae13",2,0,NA,0.5,0,NA,NA
"132","Ae14",2,0,1,0.5,0,0.5,1
"133","Ae15",4,2,2,1,0.666666666666667,1,2.66666666666667
"134","Ae16",NA,NA,2,NA,NA,1,NA
"135","Ae17",0,0,0,0,0,0,0
"136","Ae18",1,0,2,0.25,0,1,1.25
"137","Ae19",2,0,2,0.5,0,1,1.5
"138","Ae2",1,0,1,0.25,0,0.5,0.75
"139","Ae20",1,2,2,0.25,0.666666666666667,1,1.91666666666667
"140","Ae21",0,0,2,0,0,1,1
"141","Ae22",0,0,2,0,0,1,1
"142","Ae23",0,2,2,0,0.666666666666667,1,1.66666666666667
"143","Ae24",0,2,2,0,0.666666666666667,1,1.66666666666667
"144","Ae25",1,0,2,0.25,0,1,1.25
"145","Ae26",2,0,2,0.5,0,1,1.5
"146","Ae27",NA,0,2,NA,0,1,NA
"147","Ae28",1,0,2,0.25,0,1,1.25
"148","Ae29",0,0,2,0,0,1,1
"149","Ae3",1,2,0,0.25,0.666666666666667,0,0.916666666666667
"150","Ae30",0,2,0,0,0.666666666666667,0,0.666666666666667
"151","Ae31",0,0,2,0,0,1,1
"152","Ae32",0,0,0,0,0,0,0
"153","Ae33",0,2,NA,0,0.666666666666667,NA,NA
"154","Ae34",0,0,0,0,0,0,0
"155","Ae35",0,0,2,0,0,1,1
"156","Ae36",0,0,2,0,0,1,1
"157","Ae37",0,0,2,0,0,1,1
"158","Ae38",0,0,2,0,0,1,1
"159","Ae39",0,0,1,0,0,0.5,0.5
"160","Ae4",0,2,1,0,0.666666666666667,0.5,1.16666666666667
"161","Ae40",NA,2,2,NA,0.666666666666667,1,NA
"162","Ae41",0,2,1,0,0.666666666666667,0.5,1.16666666666667
"163","Ae42",0,2,2,0,0.666666666666667,1,1.66666666666667
"164","Ae43",0,2,2,0,0.666666666666667,1,1.66666666666667
"165","Ae44",2,0,2,0.5,0,1,1.5
"166","Ae45",0,0,2,0,0,1,1
"167","Ae46",NA,2,2,NA,0.666666666666667,1,NA
"168","Ae47",0,2,2,0,0.666666666666667,1,1.66666666666667
"169","Ae48",0,0,2,0,0,1,1
"170","Ae49",NA,NA,2,NA,NA,1,NA
"171","Ae5",2,0,1,0.5,0,0.5,1
"172","Ae50",2,0,2,0.5,0,1,1.5
"173","Ae51",0,0,2,0,0,1,1
"174","Ae52",NA,NA,1,NA,NA,0.5,NA
"175","Ae53",NA,2,1,NA,0.666666666666667,0.5,NA
"176","Ae54",NA,NA,1,NA,NA,0.5,NA
"177","Ae55",NA,0,1,NA,0,0.5,NA
"178","Ae56",2,0,1,0.5,0,0.5,1
"179","Ae57",NA,0,1,NA,0,0.5,NA
"180","Ae58",2,0,2,0.5,0,1,1.5
"181","Ae59",0,0,1,0,0,0.5,0.5
"182","Ae6",2,0,1,0.5,0,0.5,1
"183","Ae7",0,0,2,0,0,1,1
"184","Ae8",4,2,1,1,0.666666666666667,0.5,2.16666666666667
"185","Ae9",2,0,1,0.5,0,0.5,1
"186","Af1",2,0,2,0.5,0,1,1.5
"187","Af10",0,0,2,0,0,1,1
"188","Af11",0,0,1,0,0,0.5,0.5
"189","Af12",NA,0,1,NA,0,0.5,NA
"190","Af13",2,0,2,0.5,0,1,1.5
"191","Af14",NA,NA,1,NA,NA,0.5,NA
"192","Af15",1,0,2,0.25,0,1,1.25
"193","Af16",0,0,2,0,0,1,1
"194","Af17",NA,NA,1,NA,NA,0.5,NA
"195","Af18",NA,0,1,NA,0,0.5,NA
"196","Af19",1,0,1,0.25,0,0.5,0.75
"197","Af2",0,0,1,0,0,0.5,0.5
"198","Af20",1,0,2,0.25,0,1,1.25
"199","Af21",2,0,2,0.5,0,1,1.5
"200","Af22",2,0,1,0.5,0,0.5,1
"201","Af23",1,0,1,0.25,0,0.5,0.75
"202","Af24",2,0,2,0.5,0,1,1.5
"203","Af25",1,0,1,0.25,0,0.5,0.75
"204","Af26",1,0,2,0.25,0,1,1.25
"205","Af27",1,0,1,0.25,0,0.5,0.75
"206","Af28",NA,NA,1,NA,NA,0.5,NA
"207","Af29",0,0,1,0,0,0.5,0.5
"208","Af3",2,0,1,0.5,0,0.5,1
"209","Af30",NA,NA,1,NA,NA,0.5,NA
"210","Af31",0,0,1,0,0,0.5,0.5
"211","Af32",2,0,1,0.5,0,0.5,1
"212","Af33",2,0,1,0.5,0,0.5,1
"213","Af34",2,0,1,0.5,0,0.5,1
"214","Af35",NA,NA,NA,NA,NA,NA,NA
"215","Af36",2,0,1,0.5,0,0.5,1
"216","Af37",0,0,1,0,0,0.5,0.5
"217","Af38",NA,NA,1,NA,NA,0.5,NA
"218","Af39",2,0,2,0.5,0,1,1.5
"219","Af4",0,0,1,0,0,0.5,0.5
"220","Af40",2,0,2,0.5,0,1,1.5
"221","Af41",3,0,1,0.75,0,0.5,1.25
"222","Af42",2,0,1,0.5,0,0.5,1
"223","Af43",NA,NA,1,NA,NA,0.5,NA
"224","Af44",0,0,2,0,0,1,1
"225","Af45",0,0,2,0,0,1,1
"226","Af46",NA,NA,2,NA,NA,1,NA
"227","Af47",0,0,1,0,0,0.5,0.5
"228","Af48",NA,NA,2,NA,NA,1,NA
"229","Af49",0,0,2,0,0,1,1
"230","Af5",2,0,1,0.5,0,0.5,1
"231","Af50",NA,0,1,NA,0,0.5,NA
"232","Af51",0,0,0,0,0,0,0
"233","Af52",1,0,1,0.25,0,0.5,0.75
"234","Af53",NA,NA,NA,NA,NA,NA,NA
"235","Af54",0,0,1,0,0,0.5,0.5
"236","Af55",1,0,2,0.25,0,1,1.25
"237","Af56",NA,0,1,NA,0,0.5,NA
"238","Af57",NA,0,1,NA,0,0.5,NA
"239","Af58",NA,0,1,NA,0,0.5,NA
"240","Af6",4,0,1,1,0,0.5,1.5
"241","Af7",0,0,0,0,0,0,0
"242","Af8",4,0,1,1,0,0.5,1.5
"243","Af9",0,0,2,0,0,1,1
"244","Ag1",2,1,1,0.5,0.333333333333333,0.5,1.33333333333333
"245","Ag10",0,0,2,0,0,1,1
"246","Ag11",0,0,1,0,0,0.5,0.5
"247","Ag12",0,0,2,0,0,1,1
"248","Ag13",NA,0,1,NA,0,0.5,NA
"249","Ag14",0,0,0,0,0,0,0
"250","Ag15",0,0,1,0,0,0.5,0.5
"251","Ag16",0,0,0,0,0,0,0
"252","Ag17",3,NA,1,0.75,NA,0.5,NA
"253","Ag18",0,0,1,0,0,0.5,0.5
"254","Ag19",0,0,0,0,0,0,0
"255","Ag2",4,1,1,1,0.333333333333333,0.5,1.83333333333333
"256","Ag20",0,0,0,0,0,0,0
"257","Ag21",0,0,0,0,0,0,0
"258","Ag22",2,1,1,0.5,0.333333333333333,0.5,1.33333333333333
"259","Ag23",1,1,2,0.25,0.333333333333333,1,1.58333333333333
"260","Ag24",NA,NA,1,NA,NA,0.5,NA
"261","Ag25",2,1,2,0.5,0.333333333333333,1,1.83333333333333
"262","Ag26",NA,1,1,NA,0.333333333333333,0.5,NA
"263","Ag27",1,NA,1,0.25,NA,0.5,NA
"264","Ag28",4,NA,1,1,NA,0.5,NA
"265","Ag29",NA,NA,NA,NA,NA,NA,NA
"266","Ag3",1,1,1,0.25,0.333333333333333,0.5,1.08333333333333
"267","Ag30",0,1,2,0,0.333333333333333,1,1.33333333333333
"268","Ag31",0,1,2,0,0.333333333333333,1,1.33333333333333
"269","Ag32",0,1,2,0,0.333333333333333,1,1.33333333333333
"270","Ag33",NA,NA,1,NA,NA,0.5,NA
"271","Ag34",0,0,1,0,0,0.5,0.5
"272","Ag35",0,0,2,0,0,1,1
"273","Ag36",NA,NA,NA,NA,NA,NA,NA
"274","Ag37",0,0,1,0,0,0.5,0.5
"275","Ag38",0,0,1,0,0,0.5,0.5
"276","Ag39",0,0,1,0,0,0.5,0.5
"277","Ag4",1,0,1,0.25,0,0.5,0.75
"278","Ag40",1,0,1,0.25,0,0.5,0.75
"279","Ag41",0,0,NA,0,0,NA,NA
"280","Ag42",0,NA,1,0,NA,0.5,NA
"281","Ag43",NA,NA,NA,NA,NA,NA,NA
"282","Ag44",2,NA,2,0.5,NA,1,NA
"283","Ag45",2,1,1,0.5,0.333333333333333,0.5,1.33333333333333
"284","Ag46",NA,NA,1,NA,NA,0.5,NA
"285","Ag47",2,1,2,0.5,0.333333333333333,1,1.83333333333333
"286","Ag48",0,0,2,0,0,1,1
"287","Ag49",0,0,2,0,0,1,1
"288","Ag5",0,NA,1,0,NA,0.5,NA
"289","Ag50",0,0,2,0,0,1,1
"290","Ag51",0,0,1,0,0,0.5,0.5
"291","Ag52",NA,NA,NA,NA,NA,NA,NA
"292","Ag53",NA,0,1,NA,0,0.5,NA
"293","Ag54",0,0,1,0,0,0.5,0.5
"294","Ag6",2,1,1,0.5,0.333333333333333,0.5,1.33333333333333
"295","Ag7",0,1,1,0,0.333333333333333,0.5,0.833333333333333
"296","Ag8",0,1,0,0,0.333333333333333,0,0.333333333333333
"297","Ag9",2,1,1,0.5,0.333333333333333,0.5,1.33333333333333
"298","Ah1",0,0,1,0,0,0.5,0.5
"299","Ah10",0,0,2,0,0,1,1
"300","Ah11",NA,NA,1,NA,NA,0.5,NA
"301","Ah12",NA,NA,NA,NA,NA,NA,NA
"302","Ah13",0,0,1,0,0,0.5,0.5
"303","Ah14",0,0,1,0,0,0.5,0.5
"304","Ah15",1,0,NA,0.25,0,NA,NA
"305","Ah16",2,0,2,0.5,0,1,1.5
"306","Ah17",NA,NA,NA,NA,NA,NA,NA
"307","Ah18",NA,NA,1,NA,NA,0.5,NA
"308","Ah19",0,0,1,0,0,0.5,0.5
"309","Ah2",2,0,1,0.5,0,0.5,1
"310","Ah20",0,0,1,0,0,0.5,0.5
"311","Ah21",NA,NA,2,NA,NA,1,NA
"312","Ah22",0,0,2,0,0,1,1
"313","Ah23",NA,NA,NA,NA,NA,NA,NA
"314","Ah24",0,0,2,0,0,1,1
"315","Ah25",0,0,1,0,0,0.5,0.5
"316","Ah26",0,0,2,0,0,1,1
"317","Ah27",NA,NA,NA,NA,NA,NA,NA
"318","Ah28",0,0,1,0,0,0.5,0.5
"319","Ah29",0,0,2,0,0,1,1
"320","Ah3",0,0,1,0,0,0.5,0.5
"321","Ah30",0,0,NA,0,0,NA,NA
"322","Ah31",0,0,2,0,0,1,1
"323","Ah32",0,0,2,0,0,1,1
"324","Ah33",0,0,2,0,0,1,1
"325","Ah34",2,NA,2,0.5,NA,1,NA
"326","Ah35",0,NA,2,0,NA,1,NA
"327","Ah36",2,NA,0,0.5,NA,0,NA
"328","Ah37",0,NA,2,0,NA,1,NA
"329","Ah38",0,0,2,0,0,1,1
"330","Ah39",0,0,0,0,0,0,0
"331","Ah4",0,0,1,0,0,0.5,0.5
"332","Ah5",0,1,1,0,0.333333333333333,0.5,0.833333333333333
"333","Ah6",0,0,1,0,0,0.5,0.5
"334","Ah7",0,1,0,0,0.333333333333333,0,0.333333333333333
"335","Ah8",2,0,2,0.5,0,1,1.5
"336","Ah9",0,0,1,0,0,0.5,0.5
"337","Ai1",0,0,2,0,0,1,1
"338","Ai10",1,0,1,0.25,0,0.5,0.75
"339","Ai11",2,0,2,0.5,0,1,1.5
"340","Ai12",0,0,1,0,0,0.5,0.5
"341","Ai13",0,0,2,0,0,1,1
"342","Ai14",NA,NA,NA,NA,NA,NA,NA
"343","Ai15",NA,0,2,NA,0,1,NA
"344","Ai16",NA,1,NA,NA,0.333333333333333,NA,NA
"345","Ai17",NA,NA,NA,NA,NA,NA,NA
"346","Ai18",2,NA,2,0.5,NA,1,NA
"347","Ai19",NA,NA,NA,NA,NA,NA,NA
"348","Ai2",0,0,1,0,0,0.5,0.5
"349","Ai20",0,NA,NA,0,NA,NA,NA
"350","Ai21",2,NA,2,0.5,NA,1,NA
"351","Ai22",0,0,2,0,0,1,1
"352","Ai23",0,0,1,0,0,0.5,0.5
"353","Ai24",0,0,0,0,0,0,0
"354","Ai25",0,0,1,0,0,0.5,0.5
"355","Ai26",0,0,2,0,0,1,1
"356","Ai27",NA,NA,2,NA,NA,1,NA
"357","Ai28",0,0,2,0,0,1,1
"358","Ai29",0,0,NA,0,0,NA,NA
"359","Ai3",2,0,1,0.5,0,0.5,1
"360","Ai30",0,1,NA,0,0.333333333333333,NA,NA
"361","Ai31",2,0,0,0.5,0,0,0.5
"362","Ai32",0,0,1,0,0,0.5,0.5
"363","Ai33",0,0,NA,0,0,NA,NA
"364","Ai34",0,0,NA,0,0,NA,NA
"365","Ai35",0,0,0,0,0,0,0
"366","Ai36",0,0,1,0,0,0.5,0.5
"367","Ai37",0,0,2,0,0,1,1
"368","Ai38",1,0,NA,0.25,0,NA,NA
"369","Ai39",1,0,2,0.25,0,1,1.25
"370","Ai4",NA,NA,NA,NA,NA,NA,NA
"371","Ai40",1,0,2,0.25,0,1,1.25
"372","Ai41",0,0,2,0,0,1,1
"373","Ai42",0,0,2,0,0,1,1
"374","Ai43",0,0,2,0,0,1,1
"375","Ai44",2,NA,NA,0.5,NA,NA,NA
"376","Ai45",NA,NA,NA,NA,NA,NA,NA
"377","Ai46",0,0,2,0,0,1,1
"378","Ai47",0,0,NA,0,0,NA,NA
"379","Ai5",0,0,1,0,0,0.5,0.5
"380","Ai6",4,0,1,1,0,0.5,1.5
"381","Ai7",0,0,2,0,0,1,1
"382","Ai8",0,0,1,0,0,0.5,0.5
"383","Ai9",0,0,NA,0,0,NA,NA
"384","Aj1",0,0,1,0,0,0.5,0.5
"385","Aj10",0,0,0,0,0,0,0
"386","Aj11",0,0,2,0,0,1,1
"387","Aj12",1,1,0,0.25,0.333333333333333,0,0.583333333333333
"388","Aj13",3,1,NA,0.75,0.333333333333333,NA,NA
"389","Aj14",0,0,NA,0,0,NA,NA
"390","Aj15",3,1,2,0.75,0.333333333333333,1,2.08333333333333
"391","Aj16",1,0,0,0.25,0,0,0.25
"392","Aj17",2,0,2,0.5,0,1,1.5
"393","Aj18",NA,NA,NA,NA,NA,NA,NA
"394","Aj19",0,NA,2,0,NA,1,NA
"395","Aj2",0,1,0,0,0.333333333333333,0,0.333333333333333
"396","Aj20",NA,1,1,NA,0.333333333333333,0.5,NA
"397","Aj21",1,0,0,0.25,0,0,0.25
"398","Aj22",NA,0,NA,NA,0,NA,NA
"399","Aj23",0,0,0,0,0,0,0
"400","Aj24",NA,0,NA,NA,0,NA,NA
"401","Aj25",1,1,0,0.25,0.333333333333333,0,0.583333333333333
"402","Aj26",0,NA,0,0,NA,0,NA
"403","Aj27",NA,NA,0,NA,NA,0,NA
"404","Aj28",0,1,0,0,0.333333333333333,0,0.333333333333333
"405","Aj29",0,NA,0,0,NA,0,NA
"406","Aj3",0,2,0,0,0.666666666666667,0,0.666666666666667
"407","Aj30",NA,NA,NA,NA,NA,NA,NA
"408","Aj31",NA,NA,NA,NA,NA,NA,NA
"409","Aj4",1,0,1,0.25,0,0.5,0.75
"410","Aj5",0,0,0,0,0,0,0
"411","Aj6",1,0,0,0.25,0,0,0.25
"412","Aj7",0,0,0,0,0,0,0
"413","Aj8",1,1,0,0.25,0.333333333333333,0,0.583333333333333
"414","Aj9",0,1,0,0,0.333333333333333,0,0.333333333333333
"415","Ca1",1,1,0,0.25,0.333333333333333,0,0.583333333333333
"416","Ca10",1,2,2,0.25,0.666666666666667,1,1.91666666666667
"417","Ca11",0,1,2,0,0.333333333333333,1,1.33333333333333
"418","Ca12",2,1,2,0.5,0.333333333333333,1,1.83333333333333
"419","Ca13",NA,1,1,NA,0.333333333333333,0.5,NA
"420","Ca14",0,1,1,0,0.333333333333333,0.5,0.833333333333333
"421","Ca15",NA,1,NA,NA,0.333333333333333,NA,NA
"422","Ca16",NA,1,NA,NA,0.333333333333333,NA,NA
"423","Ca17",0,0,NA,0,0,NA,NA
"424","Ca18",NA,NA,NA,NA,NA,NA,NA
"425","Ca19",0,1,NA,0,0.333333333333333,NA,NA
"426","Ca2",1,1,1,0.25,0.333333333333333,0.5,1.08333333333333
"427","Ca20",NA,1,NA,NA,0.333333333333333,NA,NA
"428","Ca21",0,1,NA,0,0.333333333333333,NA,NA
"429","Ca22",0,1,NA,0,0.333333333333333,NA,NA
"430","Ca23",NA,1,NA,NA,0.333333333333333,NA,NA
"431","Ca24",NA,1,1,NA,0.333333333333333,0.5,NA
"432","Ca25",NA,1,NA,NA,0.333333333333333,NA,NA
"433","Ca26",NA,1,NA,NA,0.333333333333333,NA,NA
"434","Ca27",3,1,NA,0.75,0.333333333333333,NA,NA
"435","Ca28",2,1,NA,0.5,0.333333333333333,NA,NA
"436","Ca29",2,1,1,0.5,0.333333333333333,0.5,1.33333333333333
"437","Ca3",4,1,1,1,0.333333333333333,0.5,1.83333333333333
"438","Ca30",2,1,2,0.5,0.333333333333333,1,1.83333333333333
"439","Ca31",1,0,0,0.25,0,0,0.25
"440","Ca32",0,0,2,0,0,1,1
"441","Ca33",0,0,2,0,0,1,1
"442","Ca34",NA,NA,NA,NA,NA,NA,NA
"443","Ca35",NA,NA,NA,NA,NA,NA,NA
"444","Ca36",3,NA,2,0.75,NA,1,NA
"445","Ca37",3,NA,2,0.75,NA,1,NA
"446","Ca38",3,NA,2,0.75,NA,1,NA
"447","Ca39",4,1,2,1,0.333333333333333,1,2.33333333333333
"448","Ca4",1,NA,NA,0.25,NA,NA,NA
"449","Ca40",1,1,1,0.25,0.333333333333333,0.5,1.08333333333333
"450","Ca41",1,1,1,0.25,0.333333333333333,0.5,1.08333333333333
"451","Ca42",2,1,1,0.5,0.333333333333333,0.5,1.33333333333333
"452","Ca43",NA,NA,NA,NA,NA,NA,NA
"453","Ca5",0,NA,0,0,NA,0,NA
"454","Ca6",1,0,2,0.25,0,1,1.25
"455","Ca7",4,1,1,1,0.333333333333333,0.5,1.83333333333333
"456","Ca8",NA,1,NA,NA,0.333333333333333,NA,NA
"457","Ca9",NA,NA,0,NA,NA,0,NA
"458","Cb1",2,0,1,0.5,0,0.5,1
"459","Cb10",0,0,1,0,0,0.5,0.5
"460","Cb11",NA,NA,NA,NA,NA,NA,NA
"461","Cb12",NA,NA,2,NA,NA,1,NA
"462","Cb13",NA,NA,2,NA,NA,1,NA
"463","Cb14",NA,NA,2,NA,NA,1,NA
"464","Cb15",1,2,1,0.25,0.666666666666667,0.5,1.41666666666667
"465","Cb16",NA,NA,2,NA,NA,1,NA
"466","Cb17",2,1,1,0.5,0.333333333333333,0.5,1.33333333333333
"467","Cb18",2,1,1,0.5,0.333333333333333,0.5,1.33333333333333
"468","Cb19",2,1,2,0.5,0.333333333333333,1,1.83333333333333
"469","Cb2",4,1,1,1,0.333333333333333,0.5,1.83333333333333
"470","Cb20",NA,1,1,NA,0.333333333333333,0.5,NA
"471","Cb21",0,0,2,0,0,1,1
"472","Cb22",3,1,1,0.75,0.333333333333333,0.5,1.58333333333333
"473","Cb23",2,1,1,0.5,0.333333333333333,0.5,1.33333333333333
"474","Cb24",0,0,NA,0,0,NA,NA
"475","Cb25",1,2,1,0.25,0.666666666666667,0.5,1.41666666666667
"476","Cb26",4,1,1,1,0.333333333333333,0.5,1.83333333333333
"477","Cb27",NA,1,2,NA,0.333333333333333,1,NA
"478","Cb28",NA,NA,NA,NA,NA,NA,NA
"479","Cb29",NA,NA,NA,NA,NA,NA,NA
"480","Cb3",4,1,1,1,0.333333333333333,0.5,1.83333333333333
"481","Cb4",1,NA,2,0.25,NA,1,NA
"482","Cb5",0,1,1,0,0.333333333333333,0.5,0.833333333333333
"483","Cb6",2,0,2,0.5,0,1,1.5
"484","Cb7",2,0,2,0.5,0,1,1.5
"485","Cb8",1,NA,1,0.25,NA,0.5,NA
"486","Cb9",2,0,1,0.5,0,0.5,1
"487","Cc1",4,3,2,1,1,1,3
"488","Cc10",3,3,2,0.75,1,1,2.75
"489","Cc11",3,NA,2,0.75,NA,1,NA
"490","Cc12",3,1,2,0.75,0.333333333333333,1,2.08333333333333
"491","Cc13",3,1,NA,0.75,0.333333333333333,NA,NA
"492","Cc14",2,1,2,0.5,0.333333333333333,1,1.83333333333333
"493","Cc15",3,1,1,0.75,0.333333333333333,0.5,1.58333333333333
"494","Cc16",3,1,1,0.75,0.333333333333333,0.5,1.58333333333333
"495","Cc17",3,1,2,0.75,0.333333333333333,1,2.08333333333333
"496","Cc18",3,1,2,0.75,0.333333333333333,1,2.08333333333333
"497","Cc19",3,1,1,0.75,0.333333333333333,0.5,1.58333333333333
"498","Cc2",2,1,1,0.5,0.333333333333333,0.5,1.33333333333333
"499","Cc20",3,1,2,0.75,0.333333333333333,1,2.08333333333333
"500","Cc3",1,NA,1,0.25,NA,0.5,NA
"501","Cc4",2,2,1,0.5,0.666666666666667,0.5,1.66666666666667
"502","Cc5",3,2,1,0.75,0.666666666666667,0.5,1.91666666666667
"503","Cc6",1,NA,2,0.25,NA,1,NA
"504","Cc7",3,3,2,0.75,1,1,2.75
"505","Cc8",3,1,2,0.75,0.333333333333333,1,2.08333333333333
"506","Cc9",3,3,2,0.75,1,1,2.75
"507","Cd1",1,NA,2,0.25,NA,1,NA
"508","Cd10",1,NA,0,0.25,NA,0,NA
"509","Cd11",2,1,0,0.5,0.333333333333333,0,0.833333333333333
"510","Cd12",4,1,2,1,0.333333333333333,1,2.33333333333333
"511","Cd13",1,NA,NA,0.25,NA,NA,NA
"512","Cd14",NA,NA,1,NA,NA,0.5,NA
"513","Cd15",1,NA,1,0.25,NA,0.5,NA
"514","Cd16",4,1,1,1,0.333333333333333,0.5,1.83333333333333
"515","Cd17",1,NA,NA,0.25,NA,NA,NA
"516","Cd18",3,NA,1,0.75,NA,0.5,NA
"517","Cd19",4,NA,1,1,NA,0.5,NA
"518","Cd2",4,3,1,1,1,0.5,2.5
"519","Cd20",NA,NA,NA,NA,NA,NA,NA
"520","Cd21",4,1,NA,1,0.333333333333333,NA,NA
"521","Cd3",1,1,0,0.25,0.333333333333333,0,0.583333333333333
"522","Cd4",0,NA,1,0,NA,0.5,NA
"523","Cd5",0,0,0,0,0,0,0
"524","Cd6",4,NA,2,1,NA,1,NA
"525","Cd7",1,NA,1,0.25,NA,0.5,NA
"526","Cd8",0,NA,NA,0,NA,NA,NA
"527","Cd9",NA,NA,1,NA,NA,0.5,NA
"528","Ce1",0,NA,0,0,NA,0,NA
"529","Ce2",4,0,NA,1,0,NA,NA
"530","Ce3",4,0,2,1,0,1,2
"531","Ce4",4,0,0,1,0,0,1
"532","Ce5",4,0,0,1,0,0,1
"533","Ce6",4,NA,0,1,NA,0,NA
"534","Ce7",4,0,0,1,0,0,1
"535","Ce8",4,0,0,1,0,0,1
"536","Cf1",4,0,0,1,0,0,1
"537","Cf2",3,2,2,0.75,0.666666666666667,1,2.41666666666667
"538","Cf3",0,0,0,0,0,0,0
"539","Cf4",4,2,1,1,0.666666666666667,0.5,2.16666666666667
"540","Cf5",4,0,0,1,0,0,1
"541","Cg1",4,0,0,1,0,0,1
"542","Cg2",3,0,2,0.75,0,1,1.75
"543","Cg3",4,0,0,1,0,0,1
"544","Cg4",1,0,0,0.25,0,0,0.25
"545","Cg5",4,0,0,1,0,0,1
"546","Ch1",4,0,0,1,0,0,1
"547","Ch10",NA,NA,NA,NA,NA,NA,NA
"548","Ch11",4,0,0,1,0,0,1
"549","Ch2",1,0,0,0.25,0,0,0.25
"550","Ch3",4,0,0,1,0,0,1
"551","Ch4",3,0,0,0.75,0,0,0.75
"552","Ch5",4,0,0,1,0,0,1
"553","Ch6",4,NA,0,1,NA,0,NA
"554","Ch7",4,0,0,1,0,0,1
"555","Ch8",4,0,0,1,0,0,1
"556","Ch9",4,1,0,1,0.333333333333333,0,1.33333333333333
"557","Ci1",2,0,NA,0.5,0,NA,NA
"558","Ci10",1,0,0,0.25,0,0,0.25
"559","Ci11",2,0,0,0.5,0,0,0.5
"560","Ci12",4,0,1,1,0,0.5,1.5
"561","Ci2",0,0,0,0,0,0,0
"562","Ci3",NA,NA,NA,NA,NA,NA,NA
"563","Ci4",2,0,1,0.5,0,0.5,1
"564","Ci5",4,0,0,1,0,0,1
"565","Ci6",2,NA,2,0.5,NA,1,NA
"566","Ci7",NA,NA,NA,NA,NA,NA,NA
"567","Ci8",2,NA,2,0.5,NA,1,NA
"568","Ci9",NA,NA,0,NA,NA,0,NA
"569","Cj1",3,NA,0,0.75,NA,0,NA
"570","Cj10",2,1,1,0.5,0.333333333333333,0.5,1.33333333333333
"571","Cj2",1,1,2,0.25,0.333333333333333,1,1.58333333333333
"572","Cj3",2,0,2,0.5,0,1,1.5
"573","Cj4",4,0,2,1,0,1,2
"574","Cj5",NA,0,2,NA,0,1,NA
"575","Cj6",4,NA,0,1,NA,0,NA
"576","Cj7",4,0,0,1,0,0,1
"577","Cj8",0,0,2,0,0,1,1
"578","Cj9",2,1,2,0.5,0.333333333333333,1,1.83333333333333
"579","Ea1",3,3,NA,0.75,1,NA,NA
"580","Ea10",2,1,1,0.5,0.333333333333333,0.5,1.33333333333333
"581","Ea11",4,1,1,1,0.333333333333333,0.5,1.83333333333333
"582","Ea12",2,NA,NA,0.5,NA,NA,NA
"583","Ea13",2,3,0,0.5,1,0,1.5
"584","Ea2",4,1,1,1,0.333333333333333,0.5,1.83333333333333
"585","Ea3",1,1,1,0.25,0.333333333333333,0.5,1.08333333333333
"586","Ea4",3,3,NA,0.75,1,NA,NA
"587","Ea5",1,1,2,0.25,0.333333333333333,1,1.58333333333333
"588","Ea6",1,1,0,0.25,0.333333333333333,0,0.583333333333333
"589","Ea7",1,1,NA,0.25,0.333333333333333,NA,NA
"590","Ea8",2,NA,2,0.5,NA,1,NA
"591","Ea9",3,NA,1,0.75,NA,0.5,NA
"592","Eb1",2,0,1,0.5,0,0.5,1
"593","Eb2",2,NA,2,0.5,NA,1,NA
"594","Eb3",2,0,1,0.5,0,0.5,1
"595","Eb4",0,0,NA,0,0,NA,NA
"596","Eb5",2,NA,1,0.5,NA,0.5,NA
"597","Eb6",2,NA,NA,0.5,NA,NA,NA
"598","Eb7",2,0,1,0.5,0,0.5,1
"599","Eb8",NA,NA,NA,NA,NA,NA,NA
"600","Ec1",0,0,0,0,0,0,0
"601","Ec10",1,0,1,0.25,0,0.5,0.75
"602","Ec11",1,0,0,0.25,0,0,0.25
"603","Ec2",1,0,1,0.25,0,0.5,0.75
"604","Ec3",1,0,1,0.25,0,0.5,0.75
"605","Ec4",1,0,0,0.25,0,0,0.25
"606","Ec5",1,0,1,0.25,0,0.5,0.75
"607","Ec6",0,0,1,0,0,0.5,0.5
"608","Ec7",0,0,0,0,0,0,0
"609","Ec8",0,0,0,0,0,0,0
"610","Ec9",0,0,2,0,0,1,1
"611","Ed1",4,1,1,1,0.333333333333333,0.5,1.83333333333333
"612","Ed10",4,0,NA,1,0,NA,NA
"613","Ed13",NA,NA,NA,NA,NA,NA,NA
"614","Ed14",NA,NA,NA,NA,NA,NA,NA
"615","Ed15a",NA,NA,NA,NA,NA,NA,NA
"616","Ed15b",4,0,0,1,0,0,1
"617","Ed16",NA,NA,NA,NA,NA,NA,NA
"618","Ed2",2,NA,2,0.5,NA,1,NA
"619","Ed3",1,0,1,0.25,0,0.5,0.75
"620","Ed4",0,0,0,0,0,0,0
"621","Ed5",4,1,0,1,0.333333333333333,0,1.33333333333333
"622","Ed6",4,0,1,1,0,0.5,1.5
"623","Ed7",2,0,0,0.5,0,0,0.5
"624","Ed8",1,0,0,0.25,0,0,0.25
"625","Ed9",1,0,NA,0.25,0,NA,NA
"626","Ee1",1,0,2,0.25,0,1,1.25
"627","Ee2",4,1,NA,1,0.333333333333333,NA,NA
"628","Ee3",1,NA,1,0.25,NA,0.5,NA
"629","Ee4",4,NA,2,1,NA,1,NA
"630","Ee5",2,3,2,0.5,1,1,2.5
"631","Ee6",1,1,1,0.25,0.333333333333333,0.5,1.08333333333333
"632","Ee7",NA,NA,NA,NA,NA,NA,NA
"633","Ee8",4,3,1,1,1,0.5,2.5
"634","Ef1",0,0,0,0,0,0,0
"635","Ef10",NA,NA,NA,NA,NA,NA,NA
"636","Ef11",2,3,0,0.5,1,0,1.5
"637","Ef2",4,3,0,1,1,0,2
"638","Ef3",NA,NA,NA,NA,NA,NA,NA
"639","Ef4",2,NA,NA,0.5,NA,NA,NA
"640","Ef5",4,3,0,1,1,0,2
"641","Ef6",NA,3,1,NA,1,0.5,NA
"642","Ef7",4,3,0,1,1,0,2
"643","Ef8",4,3,NA,1,1,NA,NA
"644","Ef9",4,3,NA,1,1,NA,NA
"645","Eg1",0,0,0,0,0,0,0
"646","Eg10",4,3,0,1,1,0,2
"647","Eg11",NA,NA,NA,NA,NA,NA,NA
"648","Eg12",NA,NA,NA,NA,NA,NA,NA
"649","Eg13",0,0,0,0,0,0,0
"650","Eg14",0,NA,0,0,NA,0,NA
"651","Eg2",4,3,0,1,1,0,2
"652","Eg3",1,3,0,0.25,1,0,1.25
"653","Eg4",0,0,0,0,0,0,0
"654","Eg5",4,3,1,1,1,0.5,2.5
"655","Eg6",4,3,0,1,1,0,2
"656","Eg7",NA,NA,0,NA,NA,0,NA
"657","Eg8",NA,3,0,NA,1,0,NA
"658","Eg9",0,0,0,0,0,0,0
"659","Eh1",0,0,0,0,0,0,0
"660","Eh10",NA,NA,NA,NA,NA,NA,NA
"661","Eh2",2,0,1,0.5,0,0.5,1
"662","Eh3",2,0,1,0.5,0,0.5,1
"663","Eh4",0,0,0,0,0,0,0
"664","Eh5",0,0,0,0,0,0,0
"665","Eh6",4,3,0,1,1,0,2
"666","Eh7",2,0,1,0.5,0,0.5,1
"667","Eh8",2,0,1,0.5,0,0.5,1
"668","Eh9",2,0,1,0.5,0,0.5,1
"669","Ei1",1,0,1,0.25,0,0.5,0.75
"670","Ei10",NA,0,1,NA,0,0.5,NA
"671","Ei11",1,0,0,0.25,0,0,0.25
"672","Ei12",1,0,1,0.25,0,0.5,0.75
"673","Ei13",1,0,2,0.25,0,1,1.25
"674","Ei14",1,0,1,0.25,0,0.5,0.75
"675","Ei15",NA,NA,NA,NA,NA,NA,NA
"676","Ei16",2,0,0,0.5,0,0,0.5
"677","Ei17",NA,NA,NA,NA,NA,NA,NA
"678","Ei18",1,0,NA,0.25,0,NA,NA
"679","Ei19",2,0,2,0.5,0,1,1.5
"680","Ei2",1,0,1,0.25,0,0.5,0.75
"681","Ei20",NA,NA,NA,NA,NA,NA,NA
"682","Ei3",4,0,1,1,0,0.5,1.5
"683","Ei4",2,0,2,0.5,0,1,1.5
"684","Ei5",2,0,1,0.5,0,0.5,1
"685","Ei6",1,0,NA,0.25,0,NA,NA
"686","Ei7",1,0,1,0.25,0,0.5,0.75
"687","Ei8",2,0,2,0.5,0,1,1.5
"688","Ei9",NA,NA,NA,NA,NA,NA,NA
"689","Ej1",1,0,0,0.25,0,0,0.25
"690","Ej10",1,0,0,0.25,0,0,0.25
"691","Ej11",2,0,NA,0.5,0,NA,NA
"692","Ej12",2,0,NA,0.5,0,NA,NA
"693","Ej13",2,0,0,0.5,0,0,0.5
"694","Ej14",0,0,0,0,0,0,0
"695","Ej15",4,2,2,1,0.666666666666667,1,2.66666666666667
"696","Ej16",0,0,0,0,0,0,0
"697","Ej2",1,0,2,0.25,0,1,1.25
"698","Ej3",0,0,0,0,0,0,0
"699","Ej4",4,0,1,1,0,0.5,1.5
"700","Ej5",4,0,1,1,0,0.5,1.5
"701","Ej6",0,0,0,0,0,0,0
"702","Ej7",0,0,0,0,0,0,0
"703","Ej8",2,0,1,0.5,0,0.5,1
"704","Ej9",1,0,0,0.25,0,0,0.25
"705","Ia1",0,0,1,0,0,0.5,0.5
"706","Ia10",0,0,NA,0,0,NA,NA
"707","Ia11",2,0,NA,0.5,0,NA,NA
"708","Ia12",4,0,0,1,0,0,1
"709","Ia13",1,0,0,0.25,0,0,0.25
"710","Ia14",0,0,0,0,0,0,0
"711","Ia15",0,0,1,0,0,0.5,0.5
"712","Ia16",1,0,0,0.25,0,0,0.25
"713","Ia17",NA,NA,NA,NA,NA,NA,NA
"714","Ia18",NA,NA,NA,NA,NA,NA,NA
"715","Ia2",1,0,0,0.25,0,0,0.25
"716","Ia3",1,0,1,0.25,0,0.5,0.75
"717","Ia4",0,0,0,0,0,0,0
"718","Ia5",0,0,0,0,0,0,0
"719","Ia6",2,0,0,0.5,0,0,0.5
"720","Ia7",2,0,1,0.5,0,0.5,1
"721","Ia8",3,0,0,0.75,0,0,0.75
"722","Ia9",0,0,NA,0,0,NA,NA
"723","Ib1",0,0,1,0,0,0.5,0.5
"724","Ib2",4,0,0,1,0,0,1
"725","Ib3",4,3,0,1,1,0,2
"726","Ib4",1,0,1,0.25,0,0.5,0.75
"727","Ib5",1,0,0,0.25,0,0,0.25
"728","Ib6",2,0,1,0.5,0,0.5,1
"729","Ib7",0,0,0,0,0,0,0
"730","Ib8",0,0,0,0,0,0,0
"731","Ib9",NA,NA,NA,NA,NA,NA,NA
"732","Ic1",2,0,1,0.5,0,0.5,1
"733","Ic10",0,0,2,0,0,1,1
"734","Ic11",2,0,1,0.5,0,0.5,1
"735","Ic12",0,0,0,0,0,0,0
"736","Ic13",NA,NA,NA,NA,NA,NA,NA
"737","Ic2",1,0,1,0.25,0,0.5,0.75
"738","Ic3",2,2,1,0.5,0.666666666666667,0.5,1.66666666666667
"739","Ic4",2,0,1,0.5,0,0.5,1
"740","Ic5",1,0,1,0.25,0,0.5,0.75
"741","Ic6",2,0,1,0.5,0,0.5,1
"742","Ic7",2,0,1,0.5,0,0.5,1
"743","Ic8",0,0,2,0,0,1,1
"744","Ic9",2,0,2,0.5,0,1,1.5
"745","Id1",0,0,0,0,0,0,0
"746","Id10",0,0,0,0,0,0,0
"747","Id11",0,0,0,0,0,0,0
"748","Id12",0,0,0,0,0,0,0
"749","Id13",0,0,0,0,0,0,0
"750","Id2",0,0,0,0,0,0,0
"751","Id3",0,0,0,0,0,0,0
"752","Id4",0,0,0,0,0,0,0
"753","Id5",0,0,0,0,0,0,0
"754","Id6",0,0,0,0,0,0,0
"755","Id7",NA,NA,NA,NA,NA,NA,NA
"756","Id8",0,0,0,0,0,0,0
"757","Id9",0,0,0,0,0,0,0
"758","Ie1",1,0,0,0.25,0,0,0.25
"759","Ie10",1,0,0,0.25,0,0,0.25
"760","Ie11",0,0,0,0,0,0,0
"761","Ie12",0,0,0,0,0,0,0
"762","Ie13",0,0,0,0,0,0,0
"763","Ie14",0,0,0,0,0,0,0
"764","Ie15",0,0,0,0,0,0,0
"765","Ie16",0,0,0,0,0,0,0
"766","Ie17",1,0,0,0.25,0,0,0.25
"767","Ie18",0,0,0,0,0,0,0
"768","Ie19",0,0,0,0,0,0,0
"769","Ie2",0,0,0,0,0,0,0
"770","Ie20",2,0,0,0.5,0,0,0.5
"771","Ie21",0,0,0,0,0,0,0
"772","Ie22",2,0,0,0.5,0,0,0.5
"773","Ie23",0,0,0,0,0,0,0
"774","Ie24",1,0,0,0.25,0,0,0.25
"775","Ie25",1,0,0,0.25,0,0,0.25
"776","Ie26",0,0,0,0,0,0,0
"777","Ie27",0,0,0,0,0,0,0
"778","Ie28",1,0,0,0.25,0,0,0.25
"779","Ie29",0,0,0,0,0,0,0
"780","Ie3",0,0,0,0,0,0,0
"781","Ie30",0,0,0,0,0,0,0
"782","Ie31",1,0,0,0.25,0,0,0.25
"783","Ie32",1,0,0,0.25,0,0,0.25
"784","Ie33",0,0,0,0,0,0,0
"785","Ie34",NA,NA,NA,NA,NA,NA,NA
"786","Ie35",0,0,0,0,0,0,0
"787","Ie36",NA,NA,NA,NA,NA,NA,NA
"788","Ie37",NA,NA,NA,NA,NA,NA,NA
"789","Ie38",0,0,0,0,0,0,0
"790","Ie39",1,0,0,0.25,0,0,0.25
"791","Ie4",0,0,0,0,0,0,0
"792","Ie5",0,0,0,0,0,0,0
"793","Ie6",0,0,1,0,0,0.5,0.5
"794","Ie7",0,0,0,0,0,0,0
"795","Ie8",1,0,0,0.25,0,0,0.25
"796","Ie9",0,0,0,0,0,0,0
"797","If1",2,0,0,0.5,0,0,0.5
"798","If10",NA,NA,NA,NA,NA,NA,NA
"799","If11",2,0,0,0.5,0,0,0.5
"800","If12",0,0,0,0,0,0,0
"801","If13",2,0,0,0.5,0,0,0.5
"802","If14",2,0,0,0.5,0,0,0.5
"803","If15",0,0,0,0,0,0,0
"804","If16",0,0,0,0,0,0,0
"805","If17",2,0,0,0.5,0,0,0.5
"806","If2",0,0,0,0,0,0,0
"807","If3",2,0,0,0.5,0,0,0.5
"808","If4",0,0,0,0,0,0,0
"809","If5",2,0,0,0.5,0,0,0.5
"810","If6",2,0,0,0.5,0,0,0.5
"811","If7",1,0,1,0.25,0,0.5,0.75
"812","If8",0,0,0,0,0,0,0
"813","If9",0,0,0,0,0,0,0
"814","Ig1",1,0,0,0.25,0,0,0.25
"815","Ig10",0,0,0,0,0,0,0
"816","Ig11",1,0,0,0.25,0,0,0.25
"817","Ig12",1,0,2,0.25,0,1,1.25
"818","Ig13",0,0,1,0,0,0.5,0.5
"819","Ig14",1,0,0,0.25,0,0,0.25
"820","Ig15",NA,NA,NA,NA,NA,NA,NA
"821","Ig16",NA,NA,NA,NA,NA,NA,NA
"822","Ig17",NA,NA,NA,NA,NA,NA,NA
"823","Ig18",NA,NA,NA,NA,NA,NA,NA
"824","Ig19",NA,NA,NA,NA,NA,NA,NA
"825","Ig2",2,0,0,0.5,0,0,0.5
"826","Ig20",1,0,NA,0.25,0,NA,NA
"827","Ig21",0,0,0,0,0,0,0
"828","Ig3",2,0,0,0.5,0,0,0.5
"829","Ig4",0,0,0,0,0,0,0
"830","Ig5",0,0,0,0,0,0,0
"831","Ig6",0,0,0,0,0,0,0
"832","Ig7",1,0,0,0.25,0,0,0.25
"833","Ig8",NA,NA,NA,NA,NA,NA,NA
"834","Ig9",1,0,0,0.25,0,0,0.25
"835","Ih1",1,0,0,0.25,0,0,0.25
"836","Ih10",2,0,0,0.5,0,0,0.5
"837","Ih11",NA,NA,NA,NA,NA,NA,NA
"838","Ih12",NA,NA,NA,NA,NA,NA,NA
"839","Ih13",NA,NA,NA,NA,NA,NA,NA
"840","Ih14",1,0,0,0.25,0,0,0.25
"841","Ih2",1,0,0,0.25,0,0,0.25
"842","Ih3",1,0,0,0.25,0,0,0.25
"843","Ih4",1,0,0,0.25,0,0,0.25
"844","Ih5",0,0,0,0,0,0,0
"845","Ih6",2,0,0,0.5,0,0,0.5
"846","Ih7",2,0,1,0.5,0,0.5,1
"847","Ih8",0,0,0,0,0,0,0
"848","Ih9",1,0,2,0.25,0,1,1.25
"849","Ii1",2,0,0,0.5,0,0,0.5
"850","Ii10",2,0,0,0.5,0,0,0.5
"851","Ii12",2,0,0,0.5,0,0,0.5
"852","Ii13",2,0,0,0.5,0,0,0.5
"853","Ii14",2,0,0,0.5,0,0,0.5
"854","Ii2",2,0,0,0.5,0,0,0.5
"855","Ii3",0,0,0,0,0,0,0
"856","Ii4",2,0,0,0.5,0,0,0.5
"857","Ii5",1,0,0,0.25,0,0,0.25
"858","Ii6",0,0,0,0,0,0,0
"859","Ii7",2,0,0,0.5,0,0,0.5
"860","Ii8",2,0,0,0.5,0,0,0.5
"861","Ii9",2,0,0,0.5,0,0,0.5
"862","Ij1",2,0,0,0.5,0,0,0.5
"863","Ij10",NA,0,0,NA,0,0,NA
"864","Ij2",2,0,2,0.5,0,1,1.5
"865","Ij3",2,0,0,0.5,0,0,0.5
"866","Ij4",2,0,0,0.5,0,0,0.5
"867","Ij5",0,0,0,0,0,0,0
"868","Ij6",2,0,1,0.5,0,0.5,1
"869","Ij7",2,0,0,0.5,0,0,0.5
"870","Ij8",2,0,0,0.5,0,0,0.5
"871","Ij9",2,0,2,0.5,0,1,1.5
"872","Na1",0,0,0,0,0,0,0
"873","Na10",2,0,1,0.5,0,0.5,1
"874","Na11",NA,0,0,NA,0,0,NA
"875","Na12",1,0,0,0.25,0,0,0.25
"876","Na13",0,0,0,0,0,0,0
"877","Na14",0,0,0,0,0,0,0
"878","Na15",0,0,0,0,0,0,0
"879","Na16",0,0,0,0,0,0,0
"880","Na17",0,0,0,0,0,0,0
"881","Na19",2,0,2,0.5,0,1,1.5
"882","Na2",1,0,0,0.25,0,0,0.25
"883","Na20",1,0,2,0.25,0,1,1.25
"884","Na21",0,0,0,0,0,0,0
"885","Na22",0,0,0,0,0,0,0
"886","Na23",0,0,0,0,0,0,0
"887","Na24",0,0,0,0,0,0,0
"888","Na25",0,0,0,0,0,0,0
"889","Na26",2,0,0,0.5,0,0,0.5
"890","Na27",1,0,2,0.25,0,1,1.25
"891","Na28",0,0,0,0,0,0,0
"892","Na29",0,0,0,0,0,0,0
"893","Na3",0,0,0,0,0,0,0
"894","Na30",0,0,0,0,0,0,0
"895","Na31",0,0,0,0,0,0,0
"896","Na32",0,0,0,0,0,0,0
"897","Na33",0,0,0,0,0,0,0
"898","Na34",0,0,0,0,0,0,0
"899","Na35",0,0,0,0,0,0,0
"900","Na36",0,0,0,0,0,0,0
"901","Na37",0,0,0,0,0,0,0
"902","Na38",0,0,0,0,0,0,0
"903","Na39",0,0,0,0,0,0,0
"904","Na4",0,0,0,0,0,0,0
"905","Na40",0,0,0,0,0,0,0
"906","Na41",0,0,0,0,0,0,0
"907","Na42",0,0,NA,0,0,NA,NA
"908","Na43",0,0,0,0,0,0,0
"909","Na44",0,0,0,0,0,0,0
"910","Na45",0,0,0,0,0,0,0
"911","Na5",0,0,0,0,0,0,0
"912","Na6",1,0,0,0.25,0,0,0.25
"913","Na7",0,0,0,0,0,0,0
"914","Na8",1,0,0,0.25,0,0,0.25
"915","Na9",2,0,2,0.5,0,1,1.5
"916","Nb1",2,0,1,0.5,0,0.5,1
"917","Nb10",2,0,2,0.5,0,1,1.5
"918","Nb11",2,0,2,0.5,0,1,1.5
"919","Nb12",1,0,2,0.25,0,1,1.25
"920","Nb13",1,0,2,0.25,0,1,1.25
"921","Nb14",1,0,2,0.25,0,1,1.25
"922","Nb15",2,0,2,0.5,0,1,1.5
"923","Nb16",2,0,2,0.5,0,1,1.5
"924","Nb17",1,0,2,0.25,0,1,1.25
"925","Nb18",2,0,2,0.5,0,1,1.5
"926","Nb19",2,0,2,0.5,0,1,1.5
"927","Nb2",1,0,1,0.25,0,0.5,0.75
"928","Nb20",2,0,2,0.5,0,1,1.5
"929","Nb21",1,0,2,0.25,0,1,1.25
"930","Nb22",2,0,2,0.5,0,1,1.5
"931","Nb23",2,0,2,0.5,0,1,1.5
"932","Nb24",2,0,2,0.5,0,1,1.5
"933","Nb25",2,0,2,0.5,0,1,1.5
"934","Nb26",1,0,2,0.25,0,1,1.25
"935","Nb27",2,0,2,0.5,0,1,1.5
"936","Nb28",1,0,2,0.25,0,1,1.25
"937","Nb29",1,0,2,0.25,0,1,1.25
"938","Nb3",2,0,1,0.5,0,0.5,1
"939","Nb30",1,0,2,0.25,0,1,1.25
"940","Nb31",1,0,2,0.25,0,1,1.25
"941","Nb32",1,0,2,0.25,0,1,1.25
"942","Nb33",1,0,0,0.25,0,0,0.25
"943","Nb34",1,0,2,0.25,0,1,1.25
"944","Nb35",1,0,2,0.25,0,1,1.25
"945","Nb36",1,0,2,0.25,0,1,1.25
"946","Nb37",1,0,NA,0.25,0,NA,NA
"947","Nb38",1,0,NA,0.25,0,NA,NA
"948","Nb39",1,0,0,0.25,0,0,0.25
"949","Nb4",1,0,2,0.25,0,1,1.25
"950","Nb5",1,0,1,0.25,0,0.5,0.75
"951","Nb6",1,0,2,0.25,0,1,1.25
"952","Nb7",2,0,1,0.5,0,0.5,1
"953","Nb8",2,0,1,0.5,0,0.5,1
"954","Nb9",2,0,2,0.5,0,1,1.5
"955","Nc1",1,0,0,0.25,0,0,0.25
"956","Nc10",1,0,0,0.25,0,0,0.25
"957","Nc11",1,0,0,0.25,0,0,0.25
"958","Nc12",1,0,0,0.25,0,0,0.25
"959","Nc13",1,0,0,0.25,0,0,0.25
"960","Nc14",1,0,0,0.25,0,0,0.25
"961","Nc15",0,0,0,0,0,0,0
"962","Nc16",0,0,0,0,0,0,0
"963","Nc17",NA,0,0,NA,0,0,NA
"964","Nc18",1,0,0,0.25,0,0,0.25
"965","Nc19",1,0,0,0.25,0,0,0.25
"966","Nc2",0,0,0,0,0,0,0
"967","Nc20",NA,0,2,NA,0,1,NA
"968","Nc21",1,0,0,0.25,0,0,0.25
"969","Nc22",1,0,0,0.25,0,0,0.25
"970","Nc23",1,0,0,0.25,0,0,0.25
"971","Nc24",1,0,0,0.25,0,0,0.25
"972","Nc25",1,0,0,0.25,0,0,0.25
"973","Nc26",1,0,0,0.25,0,0,0.25
"974","Nc27",1,0,0,0.25,0,0,0.25
"975","Nc28",1,0,0,0.25,0,0,0.25
"976","Nc29",1,0,0,0.25,0,0,0.25
"977","Nc3",1,0,0,0.25,0,0,0.25
"978","Nc30",0,0,0,0,0,0,0
"979","Nc31",0,0,0,0,0,0,0
"980","Nc32",0,0,0,0,0,0,0
"981","Nc33",0,0,0,0,0,0,0
"982","Nc34",0,0,0,0,0,0,0
"983","Nc4",1,0,0,0.25,0,0,0.25
"984","Nc5",0,0,0,0,0,0,0
"985","Nc6",0,0,0,0,0,0,0
"986","Nc7",1,0,0,0.25,0,0,0.25
"987","Nc8",1,0,2,0.25,0,1,1.25
"988","Nc9",1,0,2,0.25,0,1,1.25
"989","Nd1",1,0,1,0.25,0,0.5,0.75
"990","Nd10",1,0,2,0.25,0,1,1.25
"991","Nd11",0,0,2,0,0,1,1
"992","Nd12",0,0,2,0,0,1,1
"993","Nd13",0,0,0,0,0,0,0
"994","Nd14",1,0,2,0.25,0,1,1.25
"995","Nd15",0,0,0,0,0,0,0
"996","Nd16",0,0,2,0,0,1,1
"997","Nd17",1,0,2,0.25,0,1,1.25
"998","Nd18",1,0,2,0.25,0,1,1.25
"999","Nd19",0,0,2,0,0,1,1
"1000","Nd2",0,0,0,0,0,0,0
"1001","Nd20",1,0,2,0.25,0,1,1.25
"1002","Nd21",0,0,0,0,0,0,0
"1003","Nd22",0,0,0,0,0,0,0
"1004","Nd23",0,0,0,0,0,0,0
"1005","Nd24",0,0,0,0,0,0,0
"1006","Nd25",0,0,0,0,0,0,0
"1007","Nd26",0,0,0,0,0,0,0
"1008","Nd27",0,0,0,0,0,0,0
"1009","Nd28",0,0,0,0,0,0,0
"1010","Nd29",0,0,0,0,0,0,0
"1011","Nd3",0,0,0,0,0,0,0
"1012","Nd30",0,0,0,0,0,0,0
"1013","Nd31",0,0,0,0,0,0,0
"1014","Nd32",0,0,0,0,0,0,0
"1015","Nd33",0,0,0,0,0,0,0
"1016","Nd34",0,0,0,0,0,0,0
"1017","Nd35",0,0,0,0,0,0,0
"1018","Nd36",0,0,0,0,0,0,0
"1019","Nd37",0,0,0,0,0,0,0
"1020","Nd38",0,0,0,0,0,0,0
"1021","Nd39",0,0,0,0,0,0,0
"1022","Nd4",0,0,0,0,0,0,0
"1023","Nd40",0,0,0,0,0,0,0
"1024","Nd41",0,0,0,0,0,0,0
"1025","Nd42",0,0,0,0,0,0,0
"1026","Nd43",0,0,0,0,0,0,0
"1027","Nd44",0,0,0,0,0,0,0
"1028","Nd45",1,0,0,0.25,0,0,0.25
"1029","Nd46",0,0,0,0,0,0,0
"1030","Nd47",0,0,0,0,0,0,0
"1031","Nd48",0,0,0,0,0,0,0
"1032","Nd49",0,0,0,0,0,0,0
"1033","Nd5",0,0,0,0,0,0,0
"1034","Nd50",0,0,0,0,0,0,0
"1035","Nd51",0,0,0,0,0,0,0
"1036","Nd52",0,0,0,0,0,0,0
"1037","Nd53",0,0,0,0,0,0,0
"1038","Nd54",0,0,0,0,0,0,0
"1039","Nd55",0,0,0,0,0,0,0
"1040","Nd56",0,0,0,0,0,0,0
"1041","Nd57",0,0,0,0,0,0,0
"1042","Nd58",0,0,0,0,0,0,0
"1043","Nd59",0,0,0,0,0,0,0
"1044","Nd6",0,0,0,0,0,0,0
"1045","Nd60",0,0,0,0,0,0,0
"1046","Nd61",0,0,0,0,0,0,0
"1047","Nd62",0,0,0,0,0,0,0
"1048","Nd63",0,0,0,0,0,0,0
"1049","Nd64",0,0,0,0,0,0,0
"1050","Nd65",0,0,0,0,0,0,0
"1051","Nd66",0,0,0,0,0,0,0
"1052","Nd67",0,0,0,0,0,0,0
"1053","Nd7",0,0,1,0,0,0.5,0.5
"1054","Nd8",1,0,1,0.25,0,0.5,0.75
"1055","Nd9",1,0,2,0.25,0,1,1.25
"1056","Ne1",0,0,0,0,0,0,0
"1057","Ne10",NA,0,0,NA,0,0,NA
"1058","Ne11",0,0,0,0,0,0,0
"1059","Ne12",1,0,0,0.25,0,0,0.25
"1060","Ne13",1,0,0,0.25,0,0,0.25
"1061","Ne14",0,0,0,0,0,0,0
"1062","Ne15",0,0,0,0,0,0,0
"1063","Ne16",0,0,0,0,0,0,0
"1064","Ne17",0,0,0,0,0,0,0
"1065","Ne18",1,0,0,0.25,0,0,0.25
"1066","Ne19",0,0,0,0,0,0,0
"1067","Ne2",0,0,0,0,0,0,0
"1068","Ne20",0,0,0,0,0,0,0
"1069","Ne21",NA,NA,NA,NA,NA,NA,NA
"1070","Ne3",0,0,1,0,0,0.5,0.5
"1071","Ne4",0,0,0,0,0,0,0
"1072","Ne5",0,0,0,0,0,0,0
"1073","Ne6",0,0,0,0,0,0,0
"1074","Ne7",0,0,0,0,0,0,0
"1075","Ne8",0,0,2,0,0,1,1
"1076","Ne9",0,0,0,0,0,0,0
"1077","Nf10",2,0,0,0.5,0,0,0.5
"1078","Nf11",2,0,0,0.5,0,0,0.5
"1079","Nf12",2,0,0,0.5,0,0,0.5
"1080","Nf13",0,0,2,0,0,1,1
"1081","Nf14",3,3,NA,0.75,1,NA,NA
"1082","Nf15",NA,NA,NA,NA,NA,NA,NA
"1083","Nf2",0,0,0,0,0,0,0
"1084","Nf3",0,0,1,0,0,0.5,0.5
"1085","Nf4",0,0,1,0,0,0.5,0.5
"1086","Nf5",0,0,0,0,0,0,0
"1087","Nf6",2,0,1,0.5,0,0.5,1
"1088","Nf7",0,0,1,0,0,0.5,0.5
"1089","Nf8",2,0,2,0.5,0,1,1.5
"1090","Nf9",0,0,1,0,0,0.5,0.5
"1091","Ng1",1,0,0,0.25,0,0,0.25
"1092","Ng10",0,0,0,0,0,0,0
"1093","Ng11",0,0,0,0,0,0,0
"1094","Ng12",0,0,0,0,0,0,0
"1095","Ng13",NA,NA,NA,NA,NA,NA,NA
"1096","Ng14",NA,NA,NA,NA,NA,NA,NA
"1097","Ng15",NA,NA,NA,NA,NA,NA,NA
"1098","Ng2",0,0,0,0,0,0,0
"1099","Ng3",0,0,0,0,0,0,0
"1100","Ng4",0,0,0,0,0,0,0
"1101","Ng5",0,0,0,0,0,0,0
"1102","Ng6",0,0,0,0,0,0,0
"1103","Ng7",3,3,NA,0.75,1,NA,NA
"1104","Ng8",2,0,NA,0.5,0,NA,NA
"1105","Ng9",0,0,0,0,0,0,0
"1106","Nh1",0,0,0,0,0,0,0
"1107","Nh10",0,0,0,0,0,0,0
"1108","Nh11",0,0,0,0,0,0,0
"1109","Nh12",1,0,0,0.25,0,0,0.25
"1110","Nh13",0,0,0,0,0,0,0
"1111","Nh14",0,0,0,0,0,0,0
"1112","Nh15",0,0,2,0,0,1,1
"1113","Nh16",0,0,0,0,0,0,0
"1114","Nh17",0,0,0,0,0,0,0
"1115","Nh18",0,0,0,0,0,0,0
"1116","Nh19",0,0,2,0,0,1,1
"1117","Nh2",0,0,0,0,0,0,0
"1118","Nh20",0,0,NA,0,0,NA,NA
"1119","Nh21",0,0,2,0,0,1,1
"1120","Nh22",0,0,NA,0,0,NA,NA
"1121","Nh23",0,0,0,0,0,0,0
"1122","Nh24",0,0,0,0,0,0,0
"1123","Nh25",0,0,0,0,0,0,0
"1124","Nh26",NA,NA,NA,NA,NA,NA,NA
"1125","Nh27",NA,NA,NA,NA,NA,NA,NA
"1126","Nh3",0,0,1,0,0,0.5,0.5
"1127","Nh4",0,0,0,0,0,0,0
"1128","Nh5",0,0,0,0,0,0,0
"1129","Nh6",0,0,0,0,0,0,0
"1130","Nh7",0,0,0,0,0,0,0
"1131","Nh8",0,0,0,0,0,0,0
"1132","Nh9",0,0,0,0,0,0,0
"1133","Ni1",1,0,0,0.25,0,0,0.25
"1134","Ni2",0,0,0,0,0,0,0
"1135","Ni3",1,0,0,0.25,0,0,0.25
"1136","Ni4",0,0,0,0,0,0,0
"1137","Ni5",0,0,0,0,0,0,0
"1138","Ni6",0,0,0,0,0,0,0
"1139","Ni7",0,0,0,0,0,0,0
"1140","Ni8",NA,NA,NA,NA,NA,NA,NA
"1141","Ni9",NA,NA,NA,NA,NA,NA,NA
"1142","Nj1",NA,0,0,NA,0,0,NA
"1143","Nj10",NA,0,0,NA,0,0,NA
"1144","Nj11",NA,NA,NA,NA,NA,NA,NA
"1145","Nj12",NA,NA,NA,NA,NA,NA,NA
"1146","Nj13",NA,NA,NA,NA,NA,NA,NA
"1147","Nj14",NA,NA,NA,NA,NA,NA,NA
"1148","Nj2",4,0,2,1,0,1,2
"1149","Nj3",0,0,0,0,0,0,0
"1150","Nj4",NA,0,1,NA,0,0.5,NA
"1151","Nj5",NA,NA,NA,NA,NA,NA,NA
"1152","Nj6",0,0,0,0,0,0,0
"1153","Nj7",NA,0,0,NA,0,0,NA
"1154","Nj8",2,0,NA,0.5,0,NA,NA
"1155","Nj9",0,0,0,0,0,0,0
"1156","Sa1",1,0,1,0.25,0,0.5,0.75
"1157","Sa10",0,0,0,0,0,0,0
"1158","Sa11",2,0,2,0.5,0,1,1.5
"1159","Sa12",2,0,0,0.5,0,0,0.5
"1160","Sa13",1,2,1,0.25,0.666666666666667,0.5,1.41666666666667
"1161","Sa14",NA,NA,NA,NA,NA,NA,NA
"1162","Sa15",NA,NA,NA,NA,NA,NA,NA
"1163","Sa16",NA,NA,NA,NA,NA,NA,NA
"1164","Sa17",NA,NA,NA,NA,NA,NA,NA
"1165","Sa2",NA,NA,NA,NA,NA,NA,NA
"1166","Sa3",4,0,0,1,0,0,1
"1167","Sa4",0,0,0,0,0,0,0
"1168","Sa5",0,0,0,0,0,0,0
"1169","Sa6",4,0,2,1,0,1,2
"1170","Sa7",0,0,0,0,0,0,0
"1171","Sa8",1,0,0,0.25,0,0,0.25
"1172","Sa9",0,0,0,0,0,0,0
"1173","Sb1",0,0,2,0,0,1,1
"1174","Sb2",1,0,0,0.25,0,0,0.25
"1175","Sb3",NA,NA,NA,NA,NA,NA,NA
"1176","Sb4",0,0,0,0,0,0,0
"1177","Sb5",0,0,0,0,0,0,0
"1178","Sb6",1,0,2,0.25,0,1,1.25
"1179","Sb7",0,0,0,0,0,0,0
"1180","Sb8",2,0,2,0.5,0,1,1.5
"1181","Sb9",4,0,1,1,0,0.5,1.5
"1182","Sc1",0,0,0,0,0,0,0
"1183","Sc10",0,0,2,0,0,1,1
"1184","Sc11",0,0,NA,0,0,NA,NA
"1185","Sc12",0,0,NA,0,0,NA,NA
"1186","Sc13",0,0,0,0,0,0,0
"1187","Sc14",NA,NA,NA,NA,NA,NA,NA
"1188","Sc15",0,0,2,0,0,1,1
"1189","Sc16",0,0,0,0,0,0,0
"1190","Sc17",0,0,0,0,0,0,0
"1191","Sc18",0,0,0,0,0,0,0
"1192","Sc2",0,0,0,0,0,0,0
"1193","Sc3",0,0,0,0,0,0,0
"1194","Sc4",0,0,0,0,0,0,0
"1195","Sc5",0,0,0,0,0,0,0
"1196","Sc6",0,0,0,0,0,0,0
"1197","Sc7",0,0,0,0,0,0,0
"1198","Sc8",0,0,0,0,0,0,0
"1199","Sc9",0,0,0,0,0,0,0
"1200","Sd1",0,0,0,0,0,0,0
"1201","Sd2",0,0,0,0,0,0,0
"1202","Sd3",0,0,0,0,0,0,0
"1203","Sd4",0,0,0,0,0,0,0
"1204","Sd5",0,0,0,0,0,0,0
"1205","Sd6",0,0,0,0,0,0,0
"1206","Sd7",0,0,0,0,0,0,0
"1207","Sd8",0,0,0,0,0,0,0
"1208","Sd9",0,0,0,0,0,0,0
"1209","Se1",0,0,0,0,0,0,0
"1210","Se10",1,0,2,0.25,0,1,1.25
"1211","Se11",0,0,0,0,0,0,0
"1212","Se12",NA,NA,1,NA,NA,0.5,NA
"1213","Se2",0,0,0,0,0,0,0
"1214","Se3",0,0,0,0,0,0,0
"1215","Se4",0,0,0,0,0,0,0
"1216","Se5",0,0,2,0,0,1,1
"1217","Se6",0,0,2,0,0,1,1
"1218","Se7",3,0,0,0.75,0,0,0.75
"1219","Se8",0,0,0,0,0,0,0
"1220","Se9",0,0,2,0,0,1,1
"1221","Sf1",4,0,0,1,0,0,1
"1222","Sf2",1,0,0,0.25,0,0,0.25
"1223","Sf3",0,0,0,0,0,0,0
"1224","Sf4",0,0,NA,0,0,NA,NA
"1225","Sf5",NA,0,0,NA,0,0,NA
"1226","Sf6",2,0,2,0.5,0,1,1.5
"1227","Sf7",0,0,0,0,0,0,0
"1228","Sf8",NA,NA,NA,NA,NA,NA,NA
"1229","Sf9",NA,NA,NA,NA,NA,NA,NA
"1230","Sg1",0,0,0,0,0,0,0
"1231","Sg2",1,0,1,0.25,0,0.5,0.75
"1232","Sg3",0,0,0,0,0,0,0
"1233","Sg4",0,0,2,0,0,1,1
"1234","Sg5",0,0,0,0,0,0,0
"1235","Sh1",0,0,0,0,0,0,0
"1236","Sh2",2,0,2,0.5,0,1,1.5
"1237","Sh3",2,0,2,0.5,0,1,1.5
"1238","Sh4",2,0,2,0.5,0,1,1.5
"1239","Sh5",0,0,0,0,0,0,0
"1240","Sh6",2,0,2,0.5,0,1,1.5
"1241","Sh7",NA,0,NA,NA,0,NA,NA
"1242","Sh8",0,0,0,0,0,0,0
"1243","Sh9",0,0,0,0,0,0,0
"1244","Si1",0,0,0,0,0,0,0
"1245","Si10",0,0,0,0,0,0,0
"1246","Si2",0,0,1,0,0,0.5,0.5
"1247","Si3",0,0,0,0,0,0,0
"1248","Si4",0,0,0,0,0,0,0
"1249","Si5",0,0,0,0,0,0,0
"1250","Si6",0,0,0,0,0,0,0
"1251","Si7",0,0,2,0,0,1,1
"1252","Si8",0,0,0,0,0,0,0
"1253","Si9",NA,NA,NA,NA,NA,NA,NA
"1254","Sj1",0,0,2,0,0,1,1
"1255","Sj10",0,0,NA,0,0,NA,NA
"1256","Sj11",0,0,0,0,0,0,0
"1257","Sj2",0,0,0,0,0,0,0
"1258","Sj3",0,0,0,0,0,0,0
"1259","Sj4",0,0,0,0,0,0,0
"1260","Sj5",0,0,0,0,0,0,0
"1261","Sj6",0,0,0,0,0,0,0
"1262","Sj7",0,0,0,0,0,0,0
"1263","Sj8",1,0,2,0.25,0,1,1.25
"1264","Sj9",0,0,0,0,0,0,0
"1265","ch12",4,0,0,1,0,0,1
"1266","ch13",1,0,0,0.25,0,0,0.25
"1267","ch14",1,0,0,0.25,0,0,0.25
"1268","ch15",3,0,1,0.75,0,0.5,1.25
"1269","ch16",4,0,0,1,0,0,1
"1270","ch17",1,0,1,0.25,0,0.5,0.75
"1271","ch18",1,0,0,0.25,0,0,0.25
"1272","ch19",1,0,1,0.25,0,0.5,0.75
"1273","ch20",4,0,1,1,0,0.5,1.5
"1274","ch21",4,0,1,1,0,0.5,1.5
"1275","ch22",4,0,1,1,0,0.5,1.5
"1276","ch23",4,0,0,1,0,0,1
"1277","ch24",1,0,1,0.25,0,0.5,0.75
"1278","ch25",4,0,1,1,0,0.5,1.5
"1279","ch26",1,0,0,0.25,0,0,0.25
"1280","ch27",1,0,1,0.25,0,0.5,0.75
"1281","ch28",1,0,0,0.25,0,0,0.25
"1282","ec12",0,0,0,0,0,0,0
"1283","ec13",0,0,2,0,0,1,1
"1284","ec14",1,0,2,0.25,0,1,1.25
"1285","ec15",0,0,0,0,0,0,0
"1286","ec16",0,0,0,0,0,0,0
"1287","ec17",1,0,0,0.25,0,0,0.25
"1288","ec18",1,0,2,0.25,0,1,1.25
"1289","ec19",0,0,0,0,0,0,0
"1290","ec20",0,0,0,0,0,0,0
"1291","ec21",0,0,0,0,0,0,0
